Order ID,Amount,Profit (per Q.),Quantity,Final Amount Without Profit or Loss,Final Amount,Category,Sub-Category,PaymentMode,Count
B-25601,80,-56,4,320,96,Electronics,Electronic Games,UPI,1
B-25601,66,-12,5,330,270,Clothing,Stole,UPI,1
B-25601,1275,1148,7,8925,16961,Furniture,Bookcases,EMI,1
B-25601,8,-2,3,24,18,Clothing,Hankerchief,Credit Card,1
B-25602,2617,1151,4,10468,15072,Electronics,Phones,Credit Card,1
B-25602,561,212,3,1683,2319,Clothing,Saree,COD,1
B-25602,424,-272,5,2120,760,Electronics,Phones,COD,1
B-25602,168,-111,2,336,114,Electronics,Phones,EMI,1
B-25602,119,-5,8,952,912,Clothing,Saree,Credit Card,1
B-25603,12,1,2,24,26,Clothing,Hankerchief,COD,1
B-25603,107,36,6,642,858,Clothing,Stole,COD,1
B-25603,116,16,4,464,528,Clothing,Stole,COD,1
B-25603,180,5,3,540,555,Clothing,Trousers,Debit Card,1
B-25603,193,-166,3,579,81,Clothing,Saree,EMI,1
B-25603,38,18,1,38,56,Clothing,Kurti,COD,1
B-25603,1355,-60,5,6775,6475,Clothing,Trousers,COD,1
B-25604,65,17,2,130,164,Clothing,T-shirt,UPI,1
B-25604,157,5,9,1413,1458,Clothing,Saree,UPI,1
B-25605,75,0,7,525,525,Clothing,Saree,EMI,1
B-25606,87,4,2,174,182,Clothing,Shirt,COD,1
B-25607,50,-15,4,200,140,Clothing,Leggings,COD,1
B-25608,1364,1864,5,6820,16140,Furniture,Tables,Credit Card,1
B-25608,476,0,3,1428,1428,Furniture,Chairs,COD,1
B-25608,257,23,5,1285,1400,Clothing,Hankerchief,COD,1
B-25608,856,385,6,5136,7446,Electronics,Printers,COD,1
B-25609,485,29,4,1940,2056,Electronics,Electronic Games,COD,1
B-25609,249,-5,4,996,976,Clothing,Saree,COD,1
B-25610,43,0,3,129,129,Clothing,Saree,Debit Card,1
B-25610,68,-55,5,340,65,Electronics,Accessories,UPI,1
B-25610,107,-54,4,428,212,Clothing,Stole,EMI,1
B-25610,30,-5,2,60,50,Furniture,Furnishings,COD,1
B-25610,781,594,6,4686,8250,Electronics,Printers,Debit Card,1
B-25610,1076,-38,4,4304,4152,Electronics,Printers,COD,1
B-25611,160,-59,2,320,202,Clothing,Saree,EMI,1
B-25612,259,-55,2,518,408,Furniture,Chairs,COD,1
B-25613,1603,0,9,14427,14427,Clothing,Saree,Credit Card,1
B-25614,98,-12,2,196,172,Electronics,Electronic Games,Credit Card,1
B-25614,494,54,4,1976,2192,Furniture,Bookcases,COD,1
B-25615,68,20,5,340,440,Clothing,Hankerchief,Debit Card,1
B-25616,14,-2,3,42,36,Clothing,Hankerchief,UPI,1
B-25616,116,-56,5,580,300,Clothing,Stole,Credit Card,1
B-25616,42,12,5,210,270,Clothing,Hankerchief,COD,1
B-25616,22,-2,3,66,60,Clothing,Hankerchief,COD,1
B-25617,305,-270,5,1525,175,Electronics,Electronic Games,Debit Card,1
B-25618,12,0,2,24,24,Clothing,Hankerchief,UPI,1
B-25618,362,127,1,362,489,Furniture,Bookcases,COD,1
B-25619,353,90,8,2824,3544,Clothing,Saree,COD,1
B-25620,193,46,1,193,239,Electronics,Printers,Credit Card,1
B-25621,333,-15,3,999,954,Electronics,Phones,COD,1
B-25621,233,-10,5,1165,1115,Electronics,Electronic Games,COD,1
B-25621,228,63,3,684,873,Electronics,Electronic Games,Credit Card,1
B-25622,534,0,3,1602,1602,Clothing,Saree,Debit Card,1
B-25623,149,-87,4,596,248,Clothing,Saree,COD,1
B-25623,105,20,2,210,250,Clothing,Stole,Debit Card,1
B-25623,158,69,3,474,681,Clothing,Stole,EMI,1
B-25623,53,1,4,212,216,Clothing,Stole,COD,1
B-25624,26,12,3,78,114,Clothing,Hankerchief,COD,1
B-25625,59,-30,3,177,87,Clothing,Leggings,Debit Card,1
B-25625,97,29,2,194,252,Clothing,Hankerchief,UPI,1
B-25625,635,-349,5,3175,1430,Clothing,Saree,Debit Card,1
B-25626,46,-14,1,46,32,Electronics,Phones,COD,1
B-25626,1103,276,3,3309,4137,Furniture,Chairs,EMI,1
B-25627,55,-39,4,220,64,Clothing,Stole,COD,1
B-25628,35,-8,2,70,54,Furniture,Furnishings,Debit Card,1
B-25628,219,-9,4,876,840,Clothing,Saree,Credit Card,1
B-25628,45,13,4,180,232,Clothing,Skirt,COD,1
B-25629,1560,421,3,4680,5943,Clothing,Trousers,COD,1
B-25630,34,-22,4,136,48,Clothing,T-shirt,COD,1
B-25630,133,12,5,665,725,Clothing,Stole,Debit Card,1
B-25630,114,-39,5,570,375,Clothing,Kurti,COD,1
B-25630,42,-26,2,84,32,Clothing,Kurti,COD,1
B-25630,40,-7,3,120,99,Clothing,Stole,COD,1
B-25630,143,-129,2,286,28,Electronics,Phones,COD,1
B-25631,89,-89,2,178,0,Furniture,Furnishings,COD,1
B-25632,19,-2,2,38,34,Clothing,Leggings,Debit Card,1
B-25633,496,-79,2,992,834,Clothing,Trousers,COD,1
B-25633,711,-8,4,2844,2812,Clothing,Saree,Debit Card,1
B-25633,249,-130,4,996,476,Electronics,Phones,UPI,1
B-25634,389,-83,3,1167,918,Furniture,Chairs,UPI,1
B-25635,40,16,3,120,168,Clothing,Hankerchief,Debit Card,1
B-25635,382,30,3,1146,1236,Clothing,Saree,Credit Card,1
B-25635,23,2,2,46,50,Clothing,Skirt,UPI,1
B-25636,637,113,5,3185,3750,Clothing,Saree,UPI,1
B-25637,117,14,3,351,393,Clothing,Shirt,UPI,1
B-25638,182,-11,3,546,513,Furniture,Bookcases,Credit Card,1
B-25638,154,39,3,462,579,Clothing,Hankerchief,COD,1
B-25638,816,-96,3,2448,2160,Electronics,Printers,Debit Card,1
B-25638,880,97,8,7040,7816,Furniture,Furnishings,Debit Card,1
B-25639,1629,-153,3,4887,4428,Electronics,Phones,COD,1
B-25640,1499,239,13,19487,22594,Clothing,Saree,Credit Card,1
B-25640,68,-62,2,136,12,Clothing,Trousers,Debit Card,1
B-25640,122,-47,4,488,300,Clothing,Saree,EMI,1
B-25641,22,-6,1,22,16,Furniture,Furnishings,COD,1
B-25642,434,26,11,4774,5060,Clothing,Shirt,Credit Card,1
B-25643,50,-44,2,100,12,Clothing,Hankerchief,UPI,1
B-25643,1061,-36,8,8488,8200,Furniture,Bookcases,EMI,1
B-25643,37,-23,4,148,56,Clothing,Shirt,UPI,1
B-25643,263,-63,2,526,400,Electronics,Electronic Games,Debit Card,1
B-25643,36,-7,1,36,29,Electronics,Electronic Games,COD,1
B-25645,273,-87,4,1092,744,Electronics,Phones,COD,1
B-25645,86,0,4,344,344,Clothing,T-shirt,Debit Card,1
B-25645,133,-42,1,133,91,Electronics,Printers,UPI,1
B-25645,183,-66,5,915,585,Electronics,Phones,UPI,1
B-25646,299,-8,2,598,582,Clothing,Saree,COD,1
B-25647,42,-6,4,168,144,Clothing,Saree,UPI,1
B-25648,30,13,1,30,43,Clothing,T-shirt,UPI,1
B-25648,100,-23,1,100,77,Electronics,Phones,COD,1
B-25648,130,-41,4,520,356,Clothing,Saree,EMI,1
B-25648,55,-26,4,220,116,Clothing,Saree,UPI,1
B-25649,27,-25,2,54,4,Clothing,Stole,COD,1
B-25650,512,-225,5,2560,1435,Clothing,Saree,COD,1
B-25650,351,-47,8,2808,2432,Electronics,Phones,COD,1
B-25650,238,20,2,476,516,Clothing,Saree,COD,1
B-25650,269,111,3,807,1140,Clothing,Trousers,EMI,1
B-25650,211,-105,2,422,212,Clothing,Saree,Credit Card,1
B-25650,245,-78,2,490,334,Electronics,Printers,UPI,1
B-25650,31,-2,2,62,58,Clothing,Saree,Credit Card,1
B-25650,28,-26,2,56,4,Clothing,Stole,UPI,1
B-25650,925,-447,5,4625,2390,Electronics,Electronic Games,COD,1
B-25651,823,-18,7,5761,5635,Furniture,Chairs,COD,1
B-25651,457,-41,4,1828,1664,Clothing,Saree,COD,1
B-25651,7,0,1,7,7,Clothing,Leggings,COD,1
B-25651,159,4,1,159,163,Clothing,Saree,COD,1
B-25651,172,-103,3,516,207,Furniture,Chairs,EMI,1
B-25651,44,-8,3,132,108,Clothing,Stole,UPI,1
B-25651,200,-60,4,800,560,Furniture,Bookcases,UPI,1
B-25651,49,3,1,49,52,Clothing,Shirt,COD,1
B-25651,16,-10,2,32,12,Clothing,T-shirt,COD,1
B-25651,11,-4,2,22,14,Clothing,Skirt,COD,1
B-25652,206,-206,3,618,0,Clothing,Saree,COD,1
B-25652,174,-70,3,522,312,Electronics,Accessories,COD,1
B-25652,34,-6,4,136,112,Clothing,Leggings,COD,1
B-25652,21,-13,3,63,24,Clothing,Leggings,UPI,1
B-25652,24,-21,7,168,21,Clothing,Skirt,COD,1
B-25652,25,-2,5,125,115,Clothing,Hankerchief,UPI,1
B-25652,9,-6,2,18,6,Clothing,Hankerchief,COD,1
B-25653,1279,-640,8,10232,5112,Electronics,Printers,EMI,1
B-25653,668,-31,3,2004,1911,Electronics,Printers,Credit Card,1
B-25653,427,-50,7,2989,2639,Electronics,Phones,COD,1
B-25653,195,-117,5,975,390,Electronics,Phones,COD,1
B-25653,115,25,1,115,140,Electronics,Accessories,COD,1
B-25653,168,-10,3,504,474,Electronics,Accessories,UPI,1
B-25653,227,102,8,1816,2632,Electronics,Accessories,Debit Card,1
B-25653,28,-3,2,56,50,Clothing,Saree,UPI,1
B-25653,1327,318,8,10616,13160,Furniture,Chairs,EMI,1
B-25654,450,-90,3,1350,1080,Electronics,Printers,COD,1
B-25654,269,-86,2,538,366,Electronics,Electronic Games,EMI,1
B-25654,229,-23,2,458,412,Clothing,Saree,UPI,1
B-25654,122,-21,3,366,303,Furniture,Furnishings,UPI,1
B-25654,105,46,2,210,302,Clothing,Stole,UPI,1
B-25654,121,-17,3,363,312,Furniture,Furnishings,Credit Card,1
B-25654,54,-3,3,162,153,Clothing,Saree,COD,1
B-25654,34,12,3,102,138,Clothing,Hankerchief,Credit Card,1
B-25655,6,-3,1,6,3,Clothing,Hankerchief,UPI,1
B-25655,312,-312,7,2184,0,Furniture,Chairs,COD,1
B-25655,44,-26,3,132,54,Clothing,Hankerchief,Debit Card,1
B-25655,396,-31,9,3564,3285,Clothing,Saree,COD,1
B-25655,110,-68,4,440,168,Clothing,Saree,EMI,1
B-25655,97,-62,2,194,70,Clothing,Trousers,COD,1
B-25655,9,-6,2,18,6,Clothing,Skirt,Credit Card,1
B-25655,7,-4,3,21,9,Clothing,Hankerchief,COD,1
B-25656,24,-1,2,48,46,Clothing,Hankerchief,COD,1
B-25656,6,3,1,6,9,Clothing,Hankerchief,COD,1
B-25656,30,-5,5,150,125,Clothing,Stole,UPI,1
B-25656,406,126,2,812,1064,Clothing,Saree,COD,1
B-25656,56,18,2,112,148,Clothing,Hankerchief,Debit Card,1
B-25656,101,18,9,909,1071,Clothing,Skirt,COD,1
B-25656,61,-23,2,122,76,Clothing,Saree,COD,1
B-25656,534,0,3,1602,1602,Clothing,Saree,Debit Card,1
B-25656,624,37,2,1248,1322,Electronics,Electronic Games,Debit Card,1
B-25656,651,169,5,3255,4100,Electronics,Printers,COD,1
B-25656,13,-1,3,39,36,Clothing,Hankerchief,COD,1
B-25656,1389,680,7,9723,14483,Clothing,Saree,COD,1
B-25657,1021,-48,4,4084,3892,Electronics,Electronic Games,EMI,1
B-25657,32,-22,5,160,50,Clothing,Saree,UPI,1
B-25657,288,-180,4,1152,432,Furniture,Chairs,COD,1
B-25657,332,-43,6,1992,1734,Electronics,Phones,UPI,1
B-25658,27,9,2,54,72,Clothing,T-shirt,UPI,1
B-25659,148,72,7,1036,1540,Clothing,T-shirt,Debit Card,1
B-25660,245,-78,3,735,501,Clothing,Saree,COD,1
B-25661,55,-33,2,110,44,Furniture,Chairs,Debit Card,1
B-25661,58,-42,2,116,32,Furniture,Chairs,Debit Card,1
B-25661,145,-104,5,725,205,Furniture,Chairs,UPI,1
B-25661,224,-81,3,672,429,Furniture,Chairs,COD,1
B-25661,19,-15,3,57,12,Clothing,Hankerchief,Credit Card,1
B-25661,7,-1,2,14,12,Clothing,Hankerchief,Credit Card,1
B-25662,24,-2,2,48,44,Clothing,T-shirt,COD,1
B-25662,385,-77,11,4235,3388,Furniture,Furnishings,UPI,1
B-25662,86,-21,1,86,65,Electronics,Electronic Games,UPI,1
B-25663,294,138,2,588,864,Electronics,Printers,Debit Card,1
B-25664,444,-200,4,1776,976,Electronics,Phones,EMI,1
B-25664,83,-48,1,83,35,Furniture,Bookcases,UPI,1
B-25664,258,-27,2,516,462,Electronics,Phones,Debit Card,1
B-25664,785,52,2,1570,1674,Electronics,Phones,Debit Card,1
B-25665,166,-113,4,664,212,Electronics,Accessories,EMI,1
B-25666,934,-916,7,6538,126,Electronics,Electronic Games,COD,1
B-25667,11,-2,4,44,36,Clothing,Hankerchief,COD,1
B-25667,344,-34,3,1032,930,Clothing,Saree,Debit Card,1
B-25667,41,6,5,205,235,Clothing,Skirt,Credit Card,1
B-25667,516,69,4,2064,2340,Furniture,Bookcases,UPI,1
B-25667,1030,206,8,8240,9888,Electronics,Printers,UPI,1
B-25668,123,17,3,369,420,Furniture,Furnishings,COD,1
B-25669,610,-66,2,1220,1088,Furniture,Tables,COD,1
B-25670,24,1,2,48,50,Clothing,Hankerchief,UPI,1
B-25670,656,-36,2,1312,1240,Furniture,Bookcases,Credit Card,1
B-25670,74,29,3,222,309,Clothing,Stole,COD,1
B-25670,14,2,1,14,16,Clothing,Hankerchief,COD,1
B-25671,832,0,3,2496,2496,Clothing,Trousers,UPI,1
B-25672,27,-15,1,27,12,Clothing,Stole,UPI,1
B-25673,143,-124,5,715,95,Clothing,Saree,UPI,1
B-25673,37,-5,3,111,96,Clothing,T-shirt,Debit Card,1
B-25673,45,-2,4,180,172,Clothing,Shirt,COD,1
B-25673,149,-1,1,149,148,Clothing,Saree,COD,1
B-25673,44,-17,5,220,135,Clothing,Saree,UPI,1
B-25674,17,-12,5,85,25,Clothing,Skirt,Debit Card,1
B-25675,929,-93,9,8361,7524,Clothing,Saree,COD,1
B-25676,674,-187,2,1348,974,Furniture,Tables,COD,1
B-25676,342,-103,4,1368,956,Electronics,Electronic Games,COD,1
B-25676,79,36,4,316,460,Clothing,Shirt,COD,1
B-25676,32,6,3,96,114,Clothing,Shirt,COD,1
B-25676,1263,-56,5,6315,6035,Clothing,Trousers,EMI,1
B-25677,20,-2,1,20,18,Electronics,Accessories,UPI,1
B-25678,27,-25,2,54,4,Clothing,Shirt,Debit Card,1
B-25678,327,-39,1,327,288,Electronics,Phones,COD,1
B-25678,64,-7,3,192,171,Clothing,Saree,COD,1
B-25678,7,-3,2,14,8,Clothing,Skirt,UPI,1
B-25679,76,-50,1,76,26,Clothing,Saree,COD,1
B-25680,73,-25,3,219,144,Clothing,Saree,COD,1
B-25681,1096,658,7,7672,12278,Electronics,Electronic Games,COD,1
B-25681,1625,-77,3,4875,4644,Electronics,Phones,EMI,1
B-25681,523,204,7,3661,5089,Clothing,Trousers,COD,1
B-25681,44,-3,1,44,41,Clothing,Saree,Debit Card,1
B-25681,243,-14,2,486,458,Furniture,Chairs,COD,1
B-25681,68,-27,3,204,123,Electronics,Accessories,UPI,1
B-25682,545,-73,11,5995,5192,Electronics,Phones,COD,1
B-25683,86,-55,6,516,186,Clothing,Saree,COD,1
B-25683,155,56,3,465,633,Furniture,Furnishings,EMI,1
B-25683,245,-3,4,980,968,Electronics,Phones,UPI,1
B-25683,433,26,3,1299,1377,Electronics,Printers,Debit Card,1
B-25683,148,52,5,740,1000,Clothing,Stole,UPI,1
B-25684,134,42,2,268,352,Furniture,Chairs,COD,1
B-25685,264,-30,3,792,702,Furniture,Furnishings,Debit Card,1
B-25685,45,-2,4,180,172,Clothing,Shirt,COD,1
B-25685,51,7,2,102,116,Furniture,Furnishings,UPI,1
B-25685,529,137,3,1587,1998,Electronics,Phones,Debit Card,1
B-25686,1829,-56,6,10974,10638,Furniture,Tables,Credit Card,1
B-25686,381,-13,2,762,736,Clothing,Saree,COD,1
B-25686,332,503,3,996,2505,Electronics,Printers,COD,1
B-25687,387,-213,5,1935,870,Clothing,Saree,UPI,1
B-25687,17,6,1,17,23,Clothing,Stole,UPI,1
B-25687,357,139,2,714,992,Clothing,Saree,Debit Card,1
B-25687,51,21,3,153,216,Clothing,T-shirt,COD,1
B-25687,14,-1,4,56,52,Clothing,Kurti,COD,1
B-25688,352,-345,5,1760,35,Clothing,Saree,Credit Card,1
B-25689,469,-459,3,1407,30,Electronics,Electronic Games,COD,1
B-25689,97,17,2,194,228,Clothing,Stole,Credit Card,1
B-25689,149,136,3,447,855,Clothing,Stole,UPI,1
B-25690,31,-10,3,93,63,Clothing,Skirt,COD,1
B-25691,714,56,4,2856,3080,Clothing,Saree,COD,1
B-25691,75,-25,3,225,150,Clothing,Stole,UPI,1
B-25691,17,-9,3,51,24,Clothing,Stole,COD,1
B-25692,141,28,7,987,1183,Furniture,Furnishings,UPI,1
B-25693,76,-72,9,684,36,Clothing,Hankerchief,COD,1
B-25693,632,316,6,3792,5688,Clothing,Saree,COD,1
B-25693,32,-16,6,192,96,Clothing,Saree,UPI,1
B-25693,68,-30,1,68,38,Electronics,Phones,UPI,1
B-25693,72,-49,1,72,23,Electronics,Phones,COD,1
B-25693,82,-39,5,410,215,Clothing,T-shirt,EMI,1
B-25693,13,-13,2,26,0,Clothing,Skirt,COD,1
B-25694,167,43,7,1169,1470,Clothing,T-shirt,EMI,1
B-25695,171,14,9,1539,1665,Clothing,Shirt,Debit Card,1
B-25696,275,-275,4,1100,0,Clothing,Saree,COD,1
B-25696,44,99,3,132,429,Clothing,Kurti,Debit Card,1
B-25696,117,-6,3,351,333,Electronics,Phones,COD,1
B-25696,116,-4,1,116,112,Clothing,Saree,COD,1
B-25696,168,-9,3,504,477,Clothing,Saree,COD,1
B-25696,887,80,3,2661,2901,Electronics,Printers,UPI,1
B-25697,1300,-16,8,10400,10272,Electronics,Printers,Credit Card,1
B-25697,115,-39,3,345,228,Clothing,Trousers,COD,1
B-25697,114,8,3,342,366,Electronics,Accessories,Debit Card,1
B-25697,73,-7,1,73,66,Electronics,Phones,COD,1
B-25697,67,-42,3,201,75,Clothing,Stole,COD,1
B-25697,322,193,5,1610,2575,Electronics,Printers,COD,1
B-25697,4,-3,1,4,1,Clothing,Skirt,Credit Card,1
B-25698,516,392,8,4128,7264,Furniture,Chairs,COD,1
B-25698,65,-16,2,130,98,Electronics,Phones,Debit Card,1
B-25698,207,153,3,621,1080,Clothing,Saree,Credit Card,1
B-25698,87,-83,5,435,20,Clothing,Kurti,COD,1
B-25698,27,-6,4,108,84,Clothing,Hankerchief,COD,1
B-25698,7,-2,1,7,5,Clothing,Hankerchief,COD,1
B-25699,49,-31,2,98,36,Clothing,Stole,UPI,1
B-25699,34,-13,5,170,105,Clothing,Leggings,COD,1
B-25699,21,-5,1,21,16,Electronics,Accessories,COD,1
B-25700,44,-32,3,132,36,Clothing,Stole,Debit Card,1
B-25700,129,-75,5,645,270,Clothing,Shirt,Debit Card,1
B-25700,7,-3,2,14,8,Clothing,Hankerchief,COD,1
B-25701,98,-45,2,196,106,Furniture,Chairs,UPI,1
B-25701,33,-29,3,99,12,Clothing,Shirt,UPI,1
B-25701,10,-8,2,20,4,Clothing,Skirt,COD,1
B-25701,33,-12,5,165,105,Clothing,Hankerchief,COD,1
B-25702,75,0,3,225,225,Clothing,Shirt,EMI,1
B-25702,306,-147,3,918,477,Clothing,Saree,Debit Card,1
B-25702,424,-17,9,3816,3663,Furniture,Chairs,Debit Card,1
B-25702,31,-3,4,124,112,Clothing,Saree,COD,1
B-25702,941,203,3,2823,3432,Furniture,Tables,UPI,1
B-25703,231,-190,9,2079,369,Clothing,Hankerchief,COD,1
B-25703,97,-45,4,388,208,Clothing,Saree,COD,1
B-25703,32,-5,5,160,135,Clothing,Hankerchief,UPI,1
B-25703,47,-27,4,188,80,Clothing,Saree,COD,1
B-25703,42,-23,2,84,38,Furniture,Furnishings,UPI,1
B-25703,186,241,9,1674,3843,Clothing,Shirt,Credit Card,1
B-25703,17,-3,2,34,28,Clothing,Stole,UPI,1
B-25703,22,-15,4,88,28,Clothing,Kurti,COD,1
B-25704,126,-63,3,378,189,Electronics,Accessories,UPI,1
B-25704,102,0,3,306,306,Electronics,Phones,COD,1
B-25705,46,0,2,92,92,Electronics,Electronic Games,COD,1
B-25706,31,-11,4,124,80,Clothing,Stole,COD,1
B-25707,8,-6,1,8,2,Clothing,Stole,COD,1
B-25708,709,-100,5,3545,3045,Electronics,Phones,COD,1
B-25708,191,13,8,1528,1632,Furniture,Furnishings,COD,1
B-25708,32,-8,2,64,48,Clothing,Stole,COD,1
B-25708,81,-51,7,567,210,Clothing,Stole,EMI,1
B-25709,33,-12,7,231,147,Clothing,Saree,UPI,1
B-25709,41,-6,1,41,35,Furniture,Chairs,Credit Card,1
B-25710,10,-1,1,10,9,Clothing,Leggings,UPI,1
B-25710,216,-38,6,1296,1068,Furniture,Furnishings,UPI,1
B-25710,25,0,4,100,100,Clothing,Skirt,UPI,1
B-25710,53,-18,4,212,140,Clothing,T-shirt,UPI,1
B-25710,616,-69,7,4312,3829,Furniture,Furnishings,Debit Card,1
B-25710,13,-8,1,13,5,Clothing,T-shirt,COD,1
B-25711,100,-58,4,400,168,Clothing,Hankerchief,COD,1
B-25713,158,-63,4,632,380,Furniture,Chairs,UPI,1
B-25714,11,-5,2,22,12,Clothing,Hankerchief,COD,1
B-25714,340,20,7,2380,2520,Clothing,Shirt,Credit Card,1
B-25715,416,137,3,1248,1659,Electronics,Phones,Debit Card,1
B-25716,58,0,4,232,232,Clothing,Saree,UPI,1
B-25717,561,212,3,1683,2319,Clothing,Saree,Credit Card,1
B-25717,138,-3,5,690,675,Clothing,Saree,COD,1
B-25717,90,17,3,270,321,Clothing,Shirt,COD,1
B-25717,55,-33,2,110,44,Furniture,Chairs,COD,1
B-25718,371,115,1,371,486,Furniture,Bookcases,Debit Card,1
B-25718,460,31,3,1380,1473,Furniture,Bookcases,Debit Card,1
B-25719,29,10,2,58,78,Clothing,Stole,COD,1
B-25721,149,-40,2,298,218,Electronics,Phones,COD,1
B-25721,29,-18,7,203,77,Clothing,Skirt,UPI,1
B-25721,191,51,5,955,1210,Clothing,Shirt,UPI,1
B-25722,48,-8,8,384,320,Clothing,Stole,COD,1
B-25723,12,-7,2,24,10,Clothing,Leggings,UPI,1
B-25723,76,-54,3,228,66,Electronics,Electronic Games,COD,1
B-25723,26,-24,1,26,2,Clothing,Stole,COD,1
B-25723,16,-12,2,32,8,Clothing,Stole,UPI,1
B-25724,168,-51,2,336,234,Furniture,Bookcases,COD,1
B-25725,144,-7,4,576,548,Electronics,Electronic Games,COD,1
B-25725,26,-5,2,52,42,Clothing,Stole,UPI,1
B-25725,23,-5,7,161,126,Clothing,Hankerchief,Credit Card,1
B-25726,490,-128,8,3920,2896,Furniture,Bookcases,UPI,1
B-25727,327,114,4,1308,1764,Clothing,Trousers,COD,1
B-25727,57,-48,6,342,54,Clothing,Leggings,Debit Card,1
B-25728,1055,264,4,4220,5276,Electronics,Printers,EMI,1
B-25728,771,-424,2,1542,694,Electronics,Phones,Credit Card,1
B-25728,322,-113,4,1288,836,Clothing,Saree,Credit Card,1
B-25729,1549,-439,4,6196,4440,Electronics,Phones,Credit Card,1
B-25730,1145,-706,3,3435,1317,Electronics,Phones,Credit Card,1
B-25730,18,8,2,36,52,Clothing,Hankerchief,Debit Card,1
B-25730,473,42,4,1892,2060,Furniture,Chairs,COD,1
B-25730,187,30,4,748,868,Electronics,Accessories,Credit Card,1
B-25730,83,-81,3,249,6,Furniture,Chairs,COD,1
B-25730,96,22,5,480,590,Clothing,Stole,Credit Card,1
B-25732,16,-5,2,32,22,Clothing,Stole,UPI,1
B-25733,43,-43,7,301,0,Clothing,Stole,Debit Card,1
B-25733,30,-10,2,60,40,Clothing,Stole,COD,1
B-25733,23,-6,4,92,68,Clothing,Hankerchief,COD,1
B-25734,108,-19,3,324,267,Electronics,Electronic Games,UPI,1
B-25735,7,-1,2,14,12,Clothing,Skirt,UPI,1
B-25735,12,-2,3,36,30,Clothing,Hankerchief,COD,1
B-25735,15,-7,1,15,8,Clothing,Hankerchief,UPI,1
B-25736,31,-7,5,155,120,Clothing,Skirt,UPI,1
B-25737,187,-15,3,561,516,Clothing,Trousers,COD,1
B-25738,70,-14,2,140,112,Furniture,Furnishings,UPI,1
B-25738,72,-6,3,216,198,Clothing,Saree,UPI,1
B-25738,148,-91,2,296,114,Electronics,Phones,COD,1
B-25738,1069,0,6,6414,6414,Clothing,Saree,EMI,1
B-25739,133,-56,2,266,154,Furniture,Chairs,COD,1
B-25740,58,-8,2,116,100,Clothing,Saree,COD,1
B-25740,40,-37,3,120,9,Clothing,Stole,COD,1
B-25740,7,0,2,14,14,Clothing,Skirt,COD,1
B-25741,482,-6,7,3374,3332,Electronics,Electronic Games,EMI,1
B-25742,11,-8,2,22,6,Clothing,Skirt,UPI,1
B-25743,503,-56,2,1006,894,Clothing,Trousers,COD,1
B-25743,99,-5,1,99,94,Clothing,Saree,UPI,1
B-25743,143,-124,5,715,95,Clothing,Saree,UPI,1
B-25743,56,0,4,224,224,Clothing,Hankerchief,COD,1
B-25743,74,-51,3,222,69,Clothing,Stole,UPI,1
B-25744,373,254,6,2238,3762,Electronics,Printers,UPI,1
B-25745,296,225,11,3256,5731,Clothing,Saree,COD,1
B-25745,132,-79,5,660,265,Furniture,Furnishings,COD,1
B-25745,44,-8,3,132,108,Clothing,Stole,Credit Card,1
B-25745,670,15,5,3350,3425,Furniture,Bookcases,Debit Card,1
B-25746,87,16,2,174,206,Clothing,Saree,UPI,1
B-25747,877,395,2,1754,2544,Furniture,Bookcases,Credit Card,1
B-25748,47,-21,2,94,52,Electronics,Electronic Games,COD,1
B-25748,224,58,3,672,846,Electronics,Phones,UPI,1
B-25748,141,10,4,564,604,Clothing,Shirt,UPI,1
B-25748,8,-1,2,16,14,Clothing,Leggings,COD,1
B-25749,1052,-82,3,3156,2910,Furniture,Bookcases,UPI,1
B-25750,19,-1,1,19,18,Clothing,Shirt,Debit Card,1
B-25750,208,-25,2,416,366,Clothing,Saree,COD,1
B-25750,212,-24,2,424,376,Furniture,Chairs,COD,1
B-25750,199,-18,2,398,362,Clothing,Saree,COD,1
B-25750,78,-6,2,156,144,Furniture,Furnishings,UPI,1
B-25750,73,-31,1,73,42,Furniture,Bookcases,COD,1
B-25750,42,-15,12,504,324,Clothing,Skirt,UPI,1
B-25750,22,-12,3,66,30,Clothing,Stole,COD,1
B-25750,539,-146,7,3773,2751,Furniture,Furnishings,Debit Card,1
B-25751,32,7,3,96,117,Clothing,Hankerchief,COD,1
B-25751,221,-15,2,442,412,Electronics,Electronic Games,COD,1
B-25751,10,-8,1,10,2,Clothing,Kurti,UPI,1
B-25751,106,0,2,212,212,Electronics,Phones,EMI,1
B-25751,65,-4,6,390,366,Clothing,Hankerchief,COD,1
B-25751,43,-5,2,86,76,Clothing,Saree,COD,1
B-25751,43,21,3,129,192,Clothing,Shirt,COD,1
B-25751,534,5,2,1068,1078,Electronics,Electronic Games,Debit Card,1
B-25751,68,-56,2,136,24,Electronics,Phones,COD,1
B-25751,14,-3,2,28,22,Clothing,Leggings,COD,1
B-25752,761,266,9,6849,9243,Electronics,Electronic Games,COD,1
B-25752,735,-235,6,4410,3000,Electronics,Printers,COD,1
B-25752,76,27,5,380,515,Clothing,Stole,COD,1
B-25752,91,15,6,546,636,Clothing,T-shirt,UPI,1
B-25752,33,-27,1,33,6,Furniture,Chairs,Credit Card,1
B-25752,1361,197,9,12249,14022,Furniture,Bookcases,COD,1
B-25752,8,-2,2,16,12,Clothing,Hankerchief,COD,1
B-25753,341,-85,6,2046,1536,Clothing,Trousers,Credit Card,1
B-25753,154,22,7,1078,1232,Clothing,T-shirt,COD,1
B-25753,65,-52,3,195,39,Electronics,Accessories,COD,1
B-25753,62,-56,5,310,30,Clothing,Kurti,COD,1
B-25753,77,-43,8,616,272,Clothing,Stole,COD,1
B-25753,27,-20,2,54,14,Clothing,Hankerchief,COD,1
B-25753,107,31,5,535,690,Clothing,T-shirt,COD,1
B-25753,620,82,6,3720,4212,Electronics,Accessories,COD,1
B-25754,9,-1,3,27,24,Clothing,Skirt,UPI,1
B-25754,72,-46,7,504,182,Clothing,Kurti,Debit Card,1
B-25754,19,0,3,57,57,Clothing,Skirt,UPI,1
B-25754,41,-14,5,205,135,Clothing,Leggings,UPI,1
B-25754,93,-65,4,372,112,Clothing,Stole,Credit Card,1
B-25754,262,215,2,524,954,Electronics,Printers,Debit Card,1
B-25754,319,312,5,1595,3155,Clothing,Saree,Debit Card,1
B-25754,30,-23,2,60,14,Clothing,Saree,UPI,1
B-25755,1709,564,3,5127,6819,Clothing,Trousers,Credit Card,1
B-25755,134,-34,2,268,200,Furniture,Chairs,COD,1
B-25755,47,-3,2,94,88,Clothing,Stole,UPI,1
B-25755,257,-3,2,514,508,Furniture,Bookcases,UPI,1
B-25755,80,-19,5,400,305,Clothing,Stole,UPI,1
B-25755,26,4,2,52,60,Clothing,Saree,UPI,1
B-25755,593,213,4,2372,3224,Furniture,Bookcases,Debit Card,1
B-25755,321,315,5,1605,3180,Clothing,Saree,UPI,1
B-25756,729,-492,5,3645,1185,Furniture,Bookcases,UPI,1
B-25756,465,-33,4,1860,1728,Electronics,Phones,EMI,1
B-25756,204,276,3,612,1440,Furniture,Bookcases,COD,1
B-25756,29,-24,4,116,20,Clothing,Leggings,COD,1
B-25756,643,-45,2,1286,1196,Electronics,Printers,Debit Card,1
B-25757,17,-13,4,68,16,Clothing,Skirt,Debit Card,1
B-25757,46,14,5,230,300,Clothing,Skirt,Debit Card,1
B-25757,211,19,8,1688,1840,Clothing,Stole,COD,1
B-25757,165,30,3,495,585,Clothing,Stole,COD,1
B-25757,34,-11,5,170,115,Clothing,T-shirt,COD,1
B-25757,98,9,2,196,214,Furniture,Furnishings,COD,1
B-25757,106,15,7,742,847,Clothing,Hankerchief,Credit Card,1
B-25757,53,15,2,106,136,Clothing,Stole,COD,1
B-25757,14,5,1,14,19,Clothing,Hankerchief,COD,1
B-25757,17,7,3,51,72,Clothing,Hankerchief,UPI,1
B-25757,3151,-35,7,22057,21812,Clothing,Trousers,EMI,1
B-25758,8,-2,1,8,6,Clothing,Stole,COD,1
B-25759,20,-9,6,120,66,Clothing,Hankerchief,Debit Card,1
B-25760,322,-193,5,1610,645,Electronics,Printers,UPI,1
B-25761,2188,1050,5,10940,16190,Furniture,Bookcases,Credit Card,1
B-25761,418,70,7,2926,3416,Electronics,Phones,COD,1
B-25761,102,-90,1,102,12,Clothing,Saree,COD,1
B-25761,263,-31,9,2367,2088,Electronics,Electronic Games,Debit Card,1
B-25761,328,-15,3,984,939,Electronics,Electronic Games,Debit Card,1
B-25761,40,0,3,120,120,Clothing,Saree,Credit Card,1
B-25762,1316,527,7,9212,12901,Electronics,Electronic Games,Credit Card,1
B-25762,98,-5,2,196,186,Clothing,Saree,UPI,1
B-25762,27,4,3,81,93,Clothing,Skirt,COD,1
B-25763,58,-52,3,174,18,Furniture,Chairs,COD,1
B-25764,26,0,2,52,52,Clothing,Kurti,COD,1
B-25764,349,-24,2,698,650,Clothing,Saree,Debit Card,1
B-25764,765,-153,2,1530,1224,Electronics,Phones,Debit Card,1
B-25764,119,43,5,595,810,Clothing,T-shirt,COD,1
B-25765,139,14,3,417,459,Clothing,Stole,COD,1
B-25766,220,-19,2,440,402,Clothing,Saree,Debit Card,1
B-25767,299,-28,3,897,813,Electronics,Electronic Games,UPI,1
B-25767,74,-59,2,148,30,Electronics,Accessories,Debit Card,1
B-25767,48,-22,2,96,52,Clothing,Saree,EMI,1
B-25767,29,-3,3,87,78,Clothing,Saree,COD,1
B-25767,9,-9,2,18,0,Clothing,Kurti,COD,1
B-25768,1582,-443,6,9492,6834,Clothing,Trousers,EMI,1
B-25769,355,-4,2,710,702,Clothing,Saree,Debit Card,1
B-25770,299,113,2,598,824,Furniture,Bookcases,COD,1
B-25770,375,180,3,1125,1665,Furniture,Bookcases,Credit Card,1
B-25770,110,35,1,110,145,Furniture,Furnishings,COD,1
B-25770,287,-280,12,3444,84,Furniture,Chairs,UPI,1
B-25771,148,59,3,444,621,Clothing,Hankerchief,COD,1
B-25772,1183,106,4,4732,5156,Electronics,Printers,EMI,1
B-25773,224,-143,3,672,243,Furniture,Chairs,COD,1
B-25773,248,-70,3,744,534,Furniture,Chairs,Credit Card,1
B-25773,437,-14,2,874,846,Clothing,Saree,UPI,1
B-25773,85,-9,4,340,304,Clothing,Saree,COD,1
B-25773,209,-21,2,418,376,Electronics,Electronic Games,UPI,1
B-25774,38,-6,2,76,64,Furniture,Furnishings,UPI,1
B-25775,50,-17,2,100,66,Clothing,Stole,COD,1
B-25776,47,-20,2,94,54,Clothing,Kurti,Debit Card,1
B-25777,1076,-38,4,4304,4152,Electronics,Printers,Credit Card,1
B-25777,59,-46,7,413,91,Clothing,T-shirt,UPI,1
B-25777,117,17,6,702,804,Clothing,Kurti,COD,1
B-25777,61,-25,4,244,144,Electronics,Accessories,UPI,1
B-25777,69,-67,4,276,8,Clothing,Kurti,UPI,1
B-25778,1506,-266,6,9036,7440,Electronics,Printers,Credit Card,1
B-25778,933,166,5,4665,5495,Clothing,Saree,Credit Card,1
B-25778,109,-6,6,654,618,Clothing,Saree,COD,1
B-25778,724,-447,4,2896,1108,Electronics,Electronic Games,UPI,1
B-25779,1361,980,3,4083,7023,Furniture,Tables,COD,1
B-25780,137,-41,3,411,288,Electronics,Phones,Debit Card,1
B-25781,45,-28,2,90,34,Clothing,Stole,Debit Card,1
B-25781,25,-1,4,100,96,Clothing,Kurti,COD,1
B-25781,60,-49,8,480,88,Clothing,Hankerchief,COD,1
B-25781,30,-25,2,60,10,Clothing,T-shirt,COD,1
B-25781,584,-444,7,4088,980,Electronics,Printers,UPI,1
B-25781,767,-353,5,3835,2070,Clothing,Trousers,COD,1
B-25782,335,-22,7,2345,2191,Furniture,Chairs,UPI,1
B-25783,33,-10,6,198,138,Clothing,Leggings,UPI,1
B-25783,25,-11,1,25,14,Clothing,Stole,UPI,1
B-25783,26,2,2,52,56,Clothing,Hankerchief,COD,1
B-25783,30,-6,2,60,48,Clothing,Hankerchief,UPI,1
B-25783,21,-17,3,63,12,Clothing,Shirt,COD,1
B-25784,15,4,1,15,19,Clothing,Hankerchief,Debit Card,1
B-25785,595,292,3,1785,2661,Clothing,Saree,COD,1
B-25785,192,-146,3,576,138,Clothing,Saree,COD,1
B-25785,268,-25,3,804,729,Clothing,Saree,COD,1
B-25785,45,0,2,90,90,Clothing,T-shirt,COD,1
B-25786,1854,433,5,9270,11435,Furniture,Bookcases,Credit Card,1
B-25786,623,-192,3,1869,1293,Furniture,Tables,UPI,1
B-25786,44,-34,3,132,30,Clothing,Stole,Credit Card,1
B-25786,17,-11,3,51,18,Clothing,Skirt,UPI,1
B-25787,556,-209,7,3892,2429,Clothing,Saree,COD,1
B-25787,40,-12,3,120,84,Clothing,Shirt,COD,1
B-25787,140,-58,4,560,328,Furniture,Furnishings,COD,1
B-25787,229,-41,8,1832,1504,Electronics,Accessories,COD,1
B-25788,12,3,1,12,15,Clothing,Stole,UPI,1
B-25789,313,-13,5,1565,1500,Furniture,Bookcases,UPI,1
B-25789,30,0,1,30,30,Clothing,Kurti,COD,1
B-25790,42,-3,1,42,39,Electronics,Electronic Games,COD,1
B-25791,565,66,7,3955,4417,Clothing,Saree,Credit Card,1
B-25791,253,-63,2,506,380,Clothing,Saree,UPI,1
B-25791,175,77,3,525,756,Clothing,Saree,COD,1
B-25792,74,-25,3,222,147,Clothing,Stole,COD,1
B-25793,60,-12,4,240,192,Clothing,Hankerchief,Debit Card,1
B-25793,257,-252,4,1028,20,Clothing,Saree,Debit Card,1
B-25793,63,-24,6,378,234,Clothing,Kurti,COD,1
B-25793,40,-33,5,200,35,Clothing,Hankerchief,Credit Card,1
B-25793,24,-1,4,96,92,Clothing,Skirt,Credit Card,1
B-25793,18,1,3,54,57,Clothing,Hankerchief,COD,1
B-25793,1402,109,11,15422,16621,Clothing,Saree,EMI,1
B-25794,176,37,6,1056,1278,Electronics,Accessories,COD,1
B-25795,276,-21,2,552,510,Electronics,Phones,EMI,1
B-25796,632,-316,6,3792,1896,Clothing,Saree,COD,1
B-25796,239,-162,5,1195,385,Furniture,Chairs,COD,1
B-25796,148,0,3,444,444,Clothing,Saree,COD,1
B-25796,37,-6,1,37,31,Clothing,Saree,UPI,1
B-25796,78,-64,7,546,98,Clothing,Stole,EMI,1
B-25796,559,-19,2,1118,1080,Clothing,Trousers,Debit Card,1
B-25796,28,1,1,28,29,Electronics,Accessories,UPI,1
B-25797,1630,802,5,8150,12160,Furniture,Tables,EMI,1
B-25797,413,-314,9,3717,891,Furniture,Chairs,COD,1
B-25797,31,1,2,62,64,Clothing,Hankerchief,UPI,1
B-25797,148,-101,2,296,94,Furniture,Bookcases,UPI,1
B-25797,89,-4,5,445,425,Clothing,Saree,Credit Card,1
B-25797,976,293,4,3904,5076,Electronics,Accessories,COD,1
B-25798,448,148,2,896,1192,Electronics,Printers,COD,1
B-25798,61,-50,4,244,44,Clothing,Hankerchief,COD,1
B-25798,47,-3,2,94,88,Clothing,Stole,COD,1
B-25798,379,63,2,758,884,Clothing,Saree,COD,1
B-25798,38,-13,3,114,75,Clothing,Stole,Credit Card,1
B-25798,2830,-1981,13,36790,11037,Furniture,Bookcases,EMI,1
B-25799,45,-15,2,90,60,Furniture,Chairs,COD,1
B-25799,205,-119,3,615,258,Clothing,Saree,Debit Card,1
B-25799,70,-64,5,350,30,Clothing,Stole,UPI,1
B-25799,47,-27,4,188,80,Clothing,Saree,EMI,1
B-25800,45,12,7,315,399,Clothing,Hankerchief,UPI,1
B-25800,122,-66,9,1098,504,Electronics,Accessories,COD,1
B-25800,21,-6,3,63,45,Clothing,Leggings,COD,1
B-25801,15,-2,1,15,13,Clothing,T-shirt,Debit Card,1
B-25801,21,-10,4,84,44,Clothing,Leggings,COD,1
B-25801,64,6,4,256,280,Clothing,Saree,COD,1
B-25801,49,-31,2,98,36,Clothing,Stole,COD,1
B-25802,25,-7,5,125,90,Clothing,Saree,UPI,1
B-25802,95,5,2,190,200,Clothing,Stole,COD,1
B-25802,633,-633,11,6963,0,Electronics,Accessories,UPI,1
B-25802,23,-3,1,23,20,Clothing,Shirt,COD,1
B-25802,13,-9,2,26,8,Clothing,Skirt,COD,1
B-25803,765,8,6,4590,4638,Clothing,Saree,EMI,1
B-25803,757,371,2,1514,2256,Electronics,Printers,Credit Card,1
B-25803,536,91,1,536,627,Clothing,Trousers,COD,1
B-25803,269,91,1,269,360,Electronics,Electronic Games,COD,1
B-25803,137,5,5,685,710,Clothing,Shirt,COD,1
B-25803,185,48,4,740,932,Clothing,Stole,Credit Card,1
B-25803,106,12,3,318,354,Clothing,Trousers,Credit Card,1
B-25803,511,194,3,1533,2115,Furniture,Chairs,UPI,1
B-25804,156,36,5,780,960,Clothing,T-shirt,EMI,1
B-25804,321,26,3,963,1041,Electronics,Printers,Debit Card,1
B-25805,112,15,2,224,254,Furniture,Chairs,COD,1
B-25806,632,-114,4,2528,2072,Furniture,Tables,UPI,1
B-25807,16,6,1,16,22,Clothing,Stole,COD,1
B-25808,63,-17,6,378,276,Clothing,Leggings,COD,1
B-25808,210,-50,4,840,640,Clothing,Hankerchief,Credit Card,1
B-25808,146,-63,3,438,249,Electronics,Electronic Games,Debit Card,1
B-25808,59,21,2,118,160,Clothing,Stole,UPI,1
B-25809,53,24,1,53,77,Clothing,Hankerchief,Debit Card,1
B-25809,154,54,3,462,624,Clothing,Hankerchief,COD,1
B-25810,1120,199,6,6720,7914,Clothing,Saree,EMI,1
B-25810,29,8,5,145,185,Clothing,Hankerchief,UPI,1
B-25810,307,74,3,921,1143,Electronics,Accessories,EMI,1
B-25810,92,42,2,184,268,Clothing,Stole,COD,1
B-25810,45,6,3,135,153,Clothing,Shirt,COD,1
B-25810,26,10,4,104,144,Clothing,Hankerchief,UPI,1
B-25811,126,52,4,504,712,Clothing,Hankerchief,UPI,1
B-25812,259,47,5,1295,1530,Clothing,Hankerchief,UPI,1
B-25813,911,202,7,6377,7791,Furniture,Chairs,COD,1
B-25814,118,35,7,826,1071,Clothing,T-shirt,EMI,1
B-25814,462,169,4,1848,2524,Clothing,Saree,COD,1
B-25815,35,14,2,70,98,Clothing,Stole,Credit Card,1
B-25816,391,113,8,3128,4032,Clothing,Stole,COD,1
B-25817,743,89,5,3715,4160,Electronics,Printers,UPI,1
B-25818,32,11,2,64,86,Clothing,Leggings,UPI,1
B-25818,36,0,4,144,144,Clothing,Kurti,COD,1
B-25818,28,14,4,112,168,Clothing,Hankerchief,COD,1
B-25818,75,28,9,675,927,Clothing,Hankerchief,UPI,1
B-25818,94,20,2,188,228,Furniture,Furnishings,UPI,1
B-25819,417,49,3,1251,1398,Electronics,Electronic Games,COD,1
B-25820,119,1,1,119,120,Furniture,Chairs,COD,1
B-25821,17,0,1,17,17,Clothing,Hankerchief,COD,1
B-25821,125,0,3,375,375,Electronics,Accessories,COD,1
B-25821,60,21,4,240,324,Clothing,Stole,COD,1
B-25822,34,13,2,68,94,Clothing,Saree,COD,1
B-25823,59,6,1,59,65,Electronics,Accessories,UPI,1
B-25823,103,50,2,206,306,Furniture,Furnishings,UPI,1
B-25823,104,2,2,208,212,Furniture,Furnishings,COD,1
B-25823,2103,322,8,16824,19400,Electronics,Electronic Games,UPI,1
B-25824,101,38,2,202,278,Furniture,Furnishings,COD,1
B-25825,140,6,5,700,730,Clothing,Saree,COD,1
B-25825,115,25,6,690,840,Clothing,Stole,COD,1
B-25825,911,355,5,4555,6330,Electronics,Phones,Debit Card,1
B-25826,637,261,2,1274,1796,Electronics,Printers,COD,1
B-25827,156,21,3,468,531,Furniture,Chairs,COD,1
B-25828,537,107,3,1611,1932,Clothing,Saree,COD,1
B-25828,222,35,5,1110,1285,Clothing,Saree,Credit Card,1
B-25828,128,-3,3,384,375,Clothing,Saree,Debit Card,1
B-25828,15,2,1,15,17,Clothing,Leggings,COD,1
B-25829,345,38,7,2415,2681,Clothing,Hankerchief,Debit Card,1
B-25830,1954,782,3,5862,8208,Electronics,Phones,Credit Card,1
B-25830,93,15,2,186,216,Electronics,Accessories,COD,1
B-25830,71,0,8,568,568,Clothing,Skirt,COD,1
B-25830,54,1,2,108,110,Clothing,Saree,UPI,1
B-25830,41,11,6,246,312,Clothing,Hankerchief,COD,1
B-25830,1063,64,7,7441,7889,Electronics,Phones,EMI,1
B-25831,693,254,6,4158,5682,Clothing,Saree,COD,1
B-25832,504,116,3,1512,1860,Furniture,Bookcases,COD,1
B-25833,64,27,5,320,455,Clothing,Hankerchief,UPI,1
B-25833,45,16,3,135,183,Clothing,Stole,COD,1
B-25833,36,4,9,324,360,Clothing,Hankerchief,COD,1
B-25834,16,5,1,16,21,Clothing,Stole,UPI,1
B-25835,52,11,5,260,315,Clothing,Leggings,COD,1
B-25835,27,2,2,54,58,Clothing,Leggings,UPI,1
B-25835,155,26,3,465,543,Clothing,Stole,EMI,1
B-25836,1298,65,9,11682,12267,Electronics,Printers,EMI,1
B-25837,263,50,5,1315,1565,Clothing,Stole,COD,1
B-25838,161,40,3,483,603,Clothing,Stole,COD,1
B-25838,81,19,7,567,700,Clothing,Hankerchief,COD,1
B-25838,70,26,5,350,480,Clothing,Hankerchief,COD,1
B-25838,955,305,3,2865,3780,Electronics,Printers,Debit Card,1
B-25839,1250,486,7,8750,12152,Clothing,Saree,EMI,1
B-25840,298,74,2,596,744,Furniture,Bookcases,COD,1
B-25840,262,64,6,1572,1956,Clothing,Saree,EMI,1
B-25840,246,61,2,492,614,Furniture,Bookcases,Credit Card,1
B-25841,22,11,2,44,66,Clothing,Skirt,Credit Card,1
B-25842,1543,370,8,12344,15304,Electronics,Printers,Credit Card,1
B-25843,18,6,3,54,72,Clothing,Hankerchief,UPI,1
B-25843,45,0,2,90,90,Clothing,Stole,UPI,1
B-25843,214,30,3,642,732,Electronics,Accessories,COD,1
B-25843,50,7,6,300,342,Clothing,Skirt,COD,1
B-25843,255,74,5,1275,1645,Clothing,Hankerchief,COD,1
B-25844,86,8,2,172,188,Clothing,Saree,Debit Card,1
B-25845,82,-33,4,328,196,Clothing,Kurti,COD,1
B-25845,757,371,2,1514,2256,Electronics,Printers,Credit Card,1
B-25845,274,-7,4,1096,1068,Electronics,Phones,COD,1
B-25845,132,54,5,660,930,Clothing,Stole,COD,1
B-25846,94,7,7,658,707,Clothing,Leggings,UPI,1
B-25847,643,225,2,1286,1736,Electronics,Printers,COD,1
B-25847,264,71,10,2640,3350,Furniture,Furnishings,Debit Card,1
B-25848,648,50,6,3888,4188,Electronics,Electronic Games,Credit Card,1
B-25848,147,21,3,441,504,Furniture,Furnishings,Debit Card,1
B-25848,16,8,2,32,48,Clothing,Hankerchief,COD,1
B-25849,336,123,3,1008,1377,Electronics,Phones,UPI,1
B-25850,916,192,11,10076,12188,Electronics,Phones,COD,1
B-25850,93,-1,2,186,184,Clothing,Hankerchief,COD,1
B-25850,24,1,4,96,100,Clothing,Hankerchief,COD,1
B-25850,485,199,4,1940,2736,Clothing,Saree,EMI,1
B-25850,45,1,3,135,138,Clothing,T-shirt,Debit Card,1
B-25850,148,24,3,444,516,Clothing,Stole,COD,1
B-25850,52,18,5,260,350,Clothing,Leggings,Debit Card,1
B-25850,117,36,2,234,306,Clothing,Trousers,Debit Card,1
B-25850,513,215,2,1026,1456,Electronics,Accessories,COD,1
B-25851,135,-54,5,675,405,Clothing,Kurti,COD,1
B-25851,336,71,3,1008,1221,Furniture,Bookcases,COD,1
B-25851,90,29,5,450,595,Clothing,T-shirt,COD,1
B-25851,62,1,3,186,189,Clothing,Saree,COD,1
B-25851,57,27,2,114,168,Clothing,T-shirt,COD,1
B-25851,237,47,9,2133,2556,Clothing,T-shirt,UPI,1
B-25851,300,42,2,600,684,Electronics,Printers,COD,1
B-25851,53,24,6,318,462,Clothing,Hankerchief,EMI,1
B-25851,103,46,2,206,298,Clothing,Saree,UPI,1
B-25851,10,2,2,20,24,Clothing,Hankerchief,COD,1
B-25852,869,67,4,3476,3744,Furniture,Tables,COD,1
B-25852,24,1,2,48,50,Clothing,Hankerchief,COD,1
B-25852,105,-33,5,525,360,Clothing,Kurti,COD,1
B-25852,97,17,2,194,228,Clothing,Stole,Credit Card,1
B-25852,45,12,4,180,228,Clothing,Hankerchief,COD,1
B-25852,320,144,1,320,464,Electronics,Printers,Debit Card,1
B-25852,50,16,1,50,66,Clothing,Stole,EMI,1
B-25853,2093,721,5,10465,14070,Furniture,Chairs,Credit Card,1
B-25853,39,16,6,234,330,Clothing,Skirt,UPI,1
B-25853,199,48,4,796,988,Clothing,Stole,UPI,1
B-25853,26,11,2,52,74,Clothing,Hankerchief,UPI,1
B-25853,30,14,3,90,132,Clothing,Hankerchief,UPI,1
B-25853,128,4,3,384,396,Clothing,Saree,COD,1
B-25853,95,11,4,380,424,Furniture,Furnishings,COD,1
B-25853,199,6,2,398,410,Clothing,Saree,UPI,1
B-25853,579,139,3,1737,2154,Electronics,Printers,Debit Card,1
B-25854,381,144,2,762,1050,Clothing,Saree,COD,1
B-25854,53,-2,3,159,153,Clothing,Saree,Debit Card,1
B-25854,149,48,6,894,1182,Clothing,Stole,COD,1
B-25854,76,19,3,228,285,Clothing,Hankerchief,COD,1
B-25854,88,16,4,352,416,Clothing,Stole,Credit Card,1
B-25854,342,-154,7,2394,1316,Furniture,Furnishings,Debit Card,1
B-25854,40,16,3,120,168,Clothing,Hankerchief,COD,1
B-25854,436,131,9,3924,5103,Clothing,Hankerchief,UPI,1
B-25855,829,19,4,3316,3392,Electronics,Printers,Credit Card,1
B-25855,90,17,3,270,321,Clothing,Hankerchief,COD,1
B-25855,98,12,2,196,220,Clothing,Hankerchief,Credit Card,1
B-25855,197,73,1,197,270,Furniture,Bookcases,COD,1
B-25855,61,30,2,122,182,Clothing,Hankerchief,UPI,1
B-25855,442,31,2,884,946,Electronics,Electronic Games,UPI,1
B-25855,550,-242,5,2750,1540,Furniture,Furnishings,UPI,1
B-25855,1319,567,5,6595,9430,Electronics,Printers,COD,1
B-25855,1027,441,8,8216,11744,Clothing,Saree,COD,1
B-25856,257,3,2,514,520,Clothing,Saree,COD,1
B-25856,10,2,2,20,24,Clothing,Skirt,COD,1
B-25856,48,6,1,48,54,Clothing,Saree,COD,1
B-25856,74,29,3,222,309,Clothing,Stole,EMI,1
B-25856,689,90,5,3445,3895,Clothing,Saree,COD,1
B-25857,324,39,8,2592,2904,Electronics,Accessories,Credit Card,1
B-25857,227,59,2,454,572,Furniture,Furnishings,UPI,1
B-25857,598,166,4,2392,3056,Furniture,Bookcases,UPI,1
B-25858,29,11,4,116,160,Clothing,Skirt,COD,1
B-25858,245,30,2,490,550,Clothing,Saree,COD,1
B-25858,223,27,2,446,500,Furniture,Bookcases,COD,1
B-25858,219,0,1,219,219,Clothing,Saree,COD,1
B-25858,294,109,7,2058,2821,Electronics,Accessories,EMI,1
B-25858,82,13,2,164,190,Clothing,Shirt,COD,1
B-25858,27,5,2,54,64,Clothing,Skirt,COD,1
B-25858,22,8,3,66,90,Clothing,Hankerchief,COD,1
B-25858,2457,665,11,27027,34342,Electronics,Electronic Games,EMI,1
B-25859,724,253,2,1448,1954,Furniture,Bookcases,UPI,1
B-25860,112,24,3,336,408,Clothing,Kurti,COD,1
B-25861,44,14,3,132,174,Clothing,Hankerchief,Debit Card,1
B-25861,216,-83,3,648,399,Electronics,Electronic Games,COD,1
B-25861,56,18,2,112,148,Clothing,Hankerchief,UPI,1
B-25861,62,6,5,310,340,Clothing,Hankerchief,COD,1
B-25861,128,4,3,384,396,Clothing,Saree,COD,1
B-25861,50,3,2,100,106,Clothing,Stole,EMI,1
B-25862,121,41,4,484,648,Clothing,Stole,EMI,1
B-25862,80,3,3,240,249,Clothing,Stole,EMI,1
B-25862,2061,701,5,10305,13810,Furniture,Bookcases,UPI,1
B-25863,189,87,7,1323,1932,Clothing,Stole,COD,1
B-25864,100,6,4,400,424,Clothing,Stole,COD,1
B-25864,27,9,2,54,72,Clothing,Hankerchief,COD,1
B-25864,22,8,2,44,60,Clothing,Leggings,COD,1
B-25864,17,5,1,17,22,Clothing,Hankerchief,UPI,1
B-25865,85,-1,3,255,252,Clothing,Saree,Credit Card,1
B-25866,51,14,2,102,130,Clothing,Stole,COD,1
B-25867,240,12,6,1440,1512,Clothing,Kurti,UPI,1
B-25867,31,14,3,93,135,Clothing,Stole,UPI,1
B-25867,163,26,4,652,756,Clothing,Shirt,COD,1
B-25868,1118,206,2,2236,2648,Furniture,Tables,Credit Card,1
B-25868,170,73,2,340,486,Electronics,Accessories,UPI,1
B-25868,62,-1,1,62,61,Electronics,Phones,UPI,1
B-25869,86,9,3,258,285,Clothing,Saree,COD,1
B-25870,845,84,7,5915,6503,Clothing,Saree,Credit Card,1
B-25870,10,4,1,10,14,Clothing,Kurti,UPI,1
B-25870,57,7,3,171,192,Furniture,Furnishings,COD,1
B-25870,473,-113,9,4257,3240,Clothing,Hankerchief,UPI,1
B-25871,118,25,4,472,572,Clothing,Hankerchief,Credit Card,1
B-25872,57,27,2,114,168,Clothing,Shirt,COD,1
B-25873,42,12,2,84,108,Clothing,Kurti,COD,1
B-25873,1275,357,2,2550,3264,Electronics,Phones,UPI,1
B-25873,66,12,3,198,234,Clothing,Stole,COD,1
B-25873,367,73,3,1101,1320,Electronics,Electronic Games,UPI,1
B-25873,7,1,1,7,8,Clothing,Hankerchief,COD,1
B-25874,124,54,5,620,890,Clothing,T-shirt,COD,1
B-25875,248,8,2,496,512,Clothing,Saree,Credit Card,1
B-25876,282,14,4,1128,1184,Clothing,Trousers,Debit Card,1
B-25877,24,8,2,48,64,Clothing,Skirt,Debit Card,1
B-25877,269,33,5,1345,1510,Furniture,Chairs,Debit Card,1
B-25877,1137,568,2,2274,3410,Clothing,Trousers,EMI,1
B-25878,741,267,5,3705,5040,Furniture,Bookcases,COD,1
B-25878,719,303,6,4314,6132,Furniture,Chairs,COD,1
B-25878,165,46,3,495,633,Furniture,Furnishings,COD,1
B-25878,46,0,4,184,184,Clothing,Leggings,COD,1
B-25878,140,15,5,700,775,Clothing,Stole,UPI,1
B-25878,84,41,3,252,375,Clothing,T-shirt,Credit Card,1
B-25879,57,-28,2,114,58,Clothing,Kurti,COD,1
B-25880,108,37,2,216,290,Clothing,Stole,Credit Card,1
B-25881,2244,247,4,8976,9964,Clothing,Trousers,Credit Card,1
B-25881,37,3,3,111,120,Clothing,Hankerchief,COD,1
B-25881,36,7,3,108,129,Clothing,Leggings,Debit Card,1
B-25881,26,9,2,52,70,Clothing,Leggings,COD,1
B-25881,1351,111,6,8106,8772,Electronics,Electronic Games,COD,1
B-25881,2115,23,5,10575,10690,Furniture,Chairs,COD,1
B-25882,121,19,4,484,560,Clothing,Stole,COD,1
B-25883,16,-15,4,64,4,Clothing,Hankerchief,UPI,1
B-25883,127,29,3,381,468,Furniture,Furnishings,COD,1
B-25883,105,-26,8,840,632,Clothing,Leggings,Credit Card,1
B-25883,146,42,5,730,940,Clothing,Hankerchief,UPI,1
B-25883,10,-2,2,20,16,Clothing,Leggings,COD,1
B-25884,24,2,4,96,104,Clothing,Hankerchief,COD,1
B-25885,734,248,2,1468,1964,Furniture,Chairs,COD,1
B-25885,349,0,7,2443,2443,Clothing,Stole,Credit Card,1
B-25885,94,27,2,188,242,Clothing,Shirt,Credit Card,1
B-25885,394,146,2,788,1080,Furniture,Bookcases,UPI,1
B-25886,502,84,4,2008,2344,Electronics,Phones,COD,1
B-25886,89,17,2,178,212,Clothing,Stole,UPI,1
B-25886,107,37,3,321,432,Clothing,Shirt,COD,1
B-25886,63,1,4,252,256,Clothing,T-shirt,COD,1
B-25887,2125,-234,6,12750,11346,Electronics,Printers,EMI,1
B-25887,83,6,6,498,534,Clothing,Shirt,EMI,1
B-25888,646,-213,3,1938,1299,Electronics,Electronic Games,COD,1
B-25888,223,4,3,669,681,Electronics,Phones,COD,1
B-25888,18,2,3,54,60,Clothing,Hankerchief,Credit Card,1
B-25889,114,11,4,456,500,Clothing,T-shirt,Debit Card,1
B-25889,119,-43,7,833,532,Clothing,Kurti,Credit Card,1
B-25889,31,10,1,31,41,Clothing,Kurti,COD,1
B-25890,465,207,9,4185,6048,Clothing,Saree,COD,1
B-25891,121,41,4,484,648,Clothing,Stole,UPI,1
B-25891,97,36,7,679,931,Clothing,Hankerchief,UPI,1
B-25891,25,2,2,50,54,Clothing,Hankerchief,UPI,1
B-25892,139,30,3,417,507,Clothing,Shirt,UPI,1
B-25893,61,11,3,183,216,Clothing,Kurti,COD,1
B-25893,355,-114,7,2485,1687,Clothing,Stole,Credit Card,1
B-25893,83,12,3,249,285,Clothing,Stole,UPI,1
B-25893,149,15,3,447,492,Clothing,Saree,EMI,1
B-25893,372,59,3,1116,1293,Electronics,Printers,UPI,1
B-25893,223,62,7,1561,1995,Clothing,Shirt,COD,1
B-25893,688,-103,6,4128,3510,Electronics,Accessories,Debit Card,1
B-25894,1246,62,3,3738,3924,Furniture,Bookcases,EMI,1
B-25895,388,93,2,776,962,Furniture,Bookcases,COD,1
B-25896,31,-11,3,93,60,Clothing,Skirt,UPI,1
B-25896,287,-66,6,1722,1326,Clothing,Kurti,COD,1
B-25896,190,68,8,1520,2064,Clothing,T-shirt,Credit Card,1
B-25896,103,36,2,206,278,Clothing,Hankerchief,COD,1
B-25896,79,-2,2,158,154,Furniture,Furnishings,EMI,1
B-25896,42,7,2,84,98,Clothing,Kurti,COD,1
B-25896,23,4,2,46,54,Clothing,Skirt,COD,1
B-25897,734,213,6,4404,5682,Electronics,Electronic Games,Credit Card,1
B-25897,24,11,5,120,175,Clothing,Hankerchief,Debit Card,1
B-25897,43,5,3,129,144,Clothing,Stole,COD,1
B-25897,33,10,3,99,129,Clothing,Hankerchief,COD,1
B-25898,857,-274,2,1714,1166,Furniture,Tables,COD,1
B-25898,33,13,3,99,138,Clothing,Leggings,UPI,1
B-25898,171,2,2,342,346,Electronics,Electronic Games,COD,1
B-25898,147,73,3,441,660,Clothing,Stole,UPI,1
B-25898,53,5,3,159,174,Clothing,T-shirt,COD,1
B-25898,499,33,4,1996,2128,Clothing,Saree,COD,1
B-25898,191,93,4,764,1136,Clothing,Shirt,UPI,1
B-25898,915,-99,3,2745,2448,Furniture,Tables,Debit Card,1
B-25899,22,9,2,44,62,Clothing,Leggings,Debit Card,1
B-25899,43,17,1,43,60,Clothing,Saree,COD,1
B-25899,28,6,4,112,136,Clothing,Skirt,COD,1
B-25899,846,9,2,1692,1710,Furniture,Chairs,Debit Card,1
B-25900,15,2,1,15,17,Clothing,Leggings,Debit Card,1
B-25900,210,62,2,420,544,Electronics,Phones,COD,1
B-25900,140,68,5,700,1040,Clothing,T-shirt,COD,1
B-25901,159,2,3,477,483,Furniture,Furnishings,EMI,1
B-25901,90,27,2,180,234,Clothing,T-shirt,COD,1
B-25901,61,28,2,122,178,Clothing,Hankerchief,UPI,1
B-25901,158,38,3,474,588,Clothing,Hankerchief,UPI,1
B-25902,268,6,2,536,548,Furniture,Bookcases,UPI,1
B-25902,79,6,7,553,595,Clothing,Saree,COD,1
B-25902,154,26,4,616,720,Electronics,Accessories,COD,1
B-25902,1700,85,3,5100,5355,Clothing,Trousers,COD,1
B-25902,802,120,7,5614,6454,Electronics,Accessories,COD,1
B-25903,19,8,2,38,54,Clothing,Hankerchief,Debit Card,1
B-25903,25,11,3,75,108,Clothing,Leggings,Debit Card,1
B-25903,455,77,8,3640,4256,Electronics,Accessories,COD,1
B-25903,336,57,2,672,786,Electronics,Phones,COD,1
B-25903,37,17,3,111,162,Clothing,Hankerchief,Debit Card,1
B-25903,74,33,2,148,214,Clothing,Shirt,Debit Card,1
B-25903,60,-10,2,120,100,Furniture,Furnishings,COD,1
B-25903,204,-94,4,816,440,Clothing,Hankerchief,EMI,1
B-25904,83,12,2,166,190,Furniture,Chairs,COD,1
B-25904,871,131,2,1742,2004,Furniture,Bookcases,UPI,1
B-25905,152,50,6,912,1212,Clothing,Stole,UPI,1
B-25906,78,27,3,234,315,Clothing,Stole,COD,1
B-25907,30,11,5,150,205,Clothing,Hankerchief,COD,1
B-25908,179,-25,5,895,770,Clothing,Kurti,COD,1
B-25909,1622,-448,3,4866,3522,Electronics,Phones,EMI,1
B-25909,108,22,3,324,390,Electronics,Accessories,COD,1
B-25909,323,122,5,1615,2225,Electronics,Phones,UPI,1
B-25909,168,56,3,504,672,Clothing,Saree,COD,1
B-25909,12,2,2,24,28,Clothing,Skirt,Credit Card,1
B-25910,1622,-624,5,8110,4990,Furniture,Tables,Credit Card,1
B-25910,259,47,5,1295,1530,Clothing,Hankerchief,Credit Card,1
B-25910,685,7,7,4795,4844,Clothing,Trousers,UPI,1
B-25910,125,15,5,625,700,Clothing,Shirt,EMI,1
B-25910,33,1,2,66,68,Clothing,Shirt,COD,1
B-25910,850,-289,5,4250,2805,Electronics,Electronic Games,COD,1
B-25911,40,15,1,40,55,Clothing,Kurti,COD,1
B-25912,102,11,6,612,678,Clothing,T-shirt,COD,1
B-25913,103,21,7,721,868,Clothing,Stole,UPI,1
B-25914,125,22,3,375,441,Clothing,Stole,EMI,1
B-25914,460,-143,3,1380,951,Furniture,Chairs,Debit Card,1
B-25915,277,3,1,277,280,Electronics,Electronic Games,COD,1
B-25916,80,-26,9,720,486,Clothing,Skirt,EMI,1
B-25917,100,12,2,200,224,Clothing,T-shirt,UPI,1
B-25918,244,-122,5,1220,610,Furniture,Furnishings,COD,1
B-25919,110,12,7,770,854,Clothing,Stole,Debit Card,1
B-25919,1599,37,6,9594,9816,Electronics,Electronic Games,UPI,1
B-25919,28,4,1,28,32,Clothing,T-shirt,COD,1
B-25919,636,-204,2,1272,864,Electronics,Printers,Debit Card,1
B-25919,977,-244,7,6839,5131,Electronics,Phones,COD,1
B-25920,100,7,2,200,214,Clothing,T-shirt,UPI,1
B-25921,84,-42,2,168,84,Electronics,Accessories,COD,1
B-25921,170,19,5,850,945,Clothing,T-shirt,UPI,1
B-25921,71,-44,5,355,135,Electronics,Accessories,UPI,1
B-25922,52,18,2,104,140,Clothing,Stole,COD,1
B-25923,3873,-891,6,23238,17892,Electronics,Phones,Credit Card,1
B-25923,253,-11,1,253,242,Clothing,Trousers,Debit Card,1
B-25923,226,58,3,678,852,Electronics,Accessories,COD,1
B-25923,484,28,3,1452,1536,Electronics,Printers,Debit Card,1
B-25924,148,54,2,296,404,Furniture,Chairs,UPI,1
B-25925,27,12,1,27,39,Clothing,Stole,Debit Card,1
B-25925,314,-41,3,942,819,Electronics,Electronic Games,Credit Card,1
B-25925,1228,14,3,3684,3726,Furniture,Chairs,UPI,1
B-25926,57,6,5,285,315,Clothing,Leggings,Debit Card,1
B-25927,200,7,4,800,828,Electronics,Electronic Games,Credit Card,1
B-25928,122,15,3,366,411,Electronics,Accessories,EMI,1
B-25928,25,10,1,25,35,Furniture,Furnishings,UPI,1
B-25929,1308,536,3,3924,5532,Furniture,Bookcases,Credit Card,1
B-25929,216,-135,3,648,243,Furniture,Chairs,Credit Card,1
B-25929,154,-85,3,462,207,Furniture,Chairs,EMI,1
B-25930,595,119,4,2380,2856,Furniture,Bookcases,COD,1
B-25930,151,29,5,755,900,Clothing,Hankerchief,EMI,1
B-25930,202,89,9,1818,2619,Clothing,T-shirt,EMI,1
B-25930,58,17,2,116,150,Clothing,Hankerchief,COD,1
B-25930,40,13,3,120,159,Clothing,T-shirt,COD,1
B-25930,351,-94,5,1755,1285,Electronics,Electronic Games,COD,1
B-25931,73,-36,3,219,111,Furniture,Chairs,UPI,1
B-25932,71,-14,4,284,228,Furniture,Furnishings,COD,1
B-25933,412,412,6,2472,4944,Clothing,Saree,COD,1
B-25933,207,-100,2,414,214,Clothing,Saree,UPI,1
B-25933,81,-44,3,243,111,Clothing,Stole,COD,1
B-25934,105,33,6,630,828,Clothing,Saree,EMI,1
B-25935,1657,460,4,6628,8468,Furniture,Chairs,Credit Card,1
B-25935,162,20,3,486,546,Furniture,Chairs,EMI,1
B-25935,150,32,3,450,546,Clothing,Hankerchief,COD,1
B-25936,61,25,4,244,344,Clothing,Saree,UPI,1
B-25937,1101,352,3,3303,4359,Furniture,Bookcases,UPI,1
B-25938,61,1,2,122,124,Furniture,Furnishings,COD,1
B-25938,59,25,3,177,252,Clothing,Stole,COD,1
B-25939,136,41,3,408,531,Electronics,Accessories,UPI,1
B-25939,61,18,2,122,158,Electronics,Accessories,COD,1
B-25939,469,33,4,1876,2008,Electronics,Electronic Games,Debit Card,1
B-25940,13,3,2,26,32,Clothing,Hankerchief,COD,1
B-25940,55,4,2,110,118,Clothing,Stole,COD,1
B-25940,46,0,4,184,184,Clothing,Leggings,COD,1
B-25941,177,41,4,708,872,Clothing,Shirt,Debit Card,1
B-25942,646,-23,2,1292,1246,Electronics,Printers,Credit Card,1
B-25943,1547,340,6,9282,11322,Electronics,Accessories,EMI,1
B-25943,48,20,4,192,272,Clothing,Stole,UPI,1
B-25943,137,38,5,685,875,Clothing,Hankerchief,Debit Card,1
B-25943,149,15,3,447,492,Clothing,Saree,Debit Card,1
B-25943,26,7,4,104,132,Clothing,Hankerchief,COD,1
B-25944,169,38,3,507,621,Clothing,Saree,Debit Card,1
B-25945,765,-36,3,2295,2187,Electronics,Electronic Games,COD,1
B-25945,63,14,2,126,154,Clothing,Shirt,COD,1
B-25945,60,3,3,180,189,Clothing,Saree,UPI,1
B-25945,245,10,2,490,510,Furniture,Bookcases,COD,1
B-25946,146,7,2,292,306,Electronics,Phones,Debit Card,1
B-25947,290,35,6,1740,1950,Clothing,Hankerchief,COD,1
B-25947,207,33,2,414,480,Electronics,Accessories,UPI,1
B-25948,152,23,3,456,525,Furniture,Furnishings,COD,1
B-25949,151,9,3,453,480,Clothing,Hankerchief,EMI,1
B-25949,140,57,2,280,394,Clothing,Trousers,Debit Card,1
B-25949,24,11,3,72,105,Clothing,Hankerchief,COD,1
B-25950,1622,95,5,8110,8585,Electronics,Printers,Credit Card,1
B-25950,644,167,2,1288,1622,Electronics,Printers,COD,1
B-25950,136,-33,5,680,515,Clothing,Saree,COD,1
B-25950,261,13,6,1566,1644,Clothing,Shirt,Credit Card,1
B-25950,190,19,9,1710,1881,Furniture,Furnishings,Credit Card,1
B-25950,133,5,5,665,690,Clothing,Stole,UPI,1
B-25950,158,-29,10,1580,1290,Clothing,Hankerchief,EMI,1
B-25950,54,27,2,108,162,Clothing,Stole,COD,1
B-25950,13,4,1,13,17,Clothing,Leggings,UPI,1
B-25951,742,198,2,1484,1880,Furniture,Bookcases,Credit Card,1
B-25951,250,100,3,750,1050,Clothing,Trousers,COD,1
B-25951,89,29,2,178,236,Clothing,Stole,UPI,1
B-25951,120,23,5,600,715,Clothing,Stole,COD,1
B-25951,111,11,9,999,1098,Clothing,Hankerchief,Credit Card,1
B-25951,102,13,2,204,230,Clothing,Stole,Credit Card,1
B-25951,248,105,2,496,706,Electronics,Phones,Debit Card,1
B-25951,50,14,1,50,64,Electronics,Electronic Games,COD,1
B-25951,40,18,1,40,58,Electronics,Accessories,Credit Card,1
B-25951,30,5,2,60,70,Clothing,Kurti,UPI,1
B-25952,14,0,4,56,56,Clothing,Hankerchief,UPI,1
B-25952,173,69,3,519,726,Furniture,Chairs,COD,1
B-25952,147,48,3,441,585,Clothing,Saree,COD,1
B-25952,87,-32,9,783,495,Clothing,Skirt,COD,1
B-25952,44,14,3,132,174,Clothing,Hankerchief,COD,1
B-25952,352,18,5,1760,1850,Clothing,Trousers,Debit Card,1
B-25952,935,114,4,3740,4196,Electronics,Electronic Games,UPI,1
B-25953,744,119,6,4464,5178,Electronics,Printers,COD,1
B-25953,67,20,4,268,348,Clothing,T-shirt,UPI,1
B-25953,81,41,3,243,366,Clothing,Stole,Debit Card,1
B-25953,116,22,1,116,138,Electronics,Accessories,Credit Card,1
B-25953,87,36,5,435,615,Clothing,Stole,Credit Card,1
B-25953,44,2,3,132,138,Clothing,Hankerchief,COD,1
B-25953,22,-8,4,88,56,Clothing,Hankerchief,Credit Card,1
B-25953,1218,352,9,10962,14130,Furniture,Bookcases,EMI,1
B-25954,27,0,2,54,54,Clothing,Leggings,COD,1
B-25954,148,9,1,148,157,Electronics,Electronic Games,UPI,1
B-25954,146,66,1,146,212,Electronics,Phones,UPI,1
B-25954,891,0,5,4455,4455,Clothing,Saree,COD,1
B-25954,189,60,4,756,996,Furniture,Furnishings,Debit Card,1
B-25954,48,11,2,96,118,Clothing,Shirt,COD,1
B-25954,44,10,3,132,162,Clothing,Stole,COD,1
B-25954,524,-25,2,1048,998,Electronics,Electronic Games,Debit Card,1
B-25955,2927,146,8,23416,24584,Furniture,Bookcases,EMI,1
B-25955,39,2,2,78,82,Clothing,Saree,Debit Card,1
B-25955,54,14,3,162,204,Clothing,T-shirt,UPI,1
B-25955,294,62,9,2646,3204,Clothing,T-shirt,EMI,1
B-25955,110,20,5,550,650,Clothing,Stole,Debit Card,1
B-25955,200,13,5,1000,1065,Electronics,Phones,COD,1
B-25955,45,8,4,180,212,Clothing,Skirt,EMI,1
B-25955,954,95,3,2862,3147,Electronics,Printers,UPI,1
B-25955,1716,309,7,12012,14175,Electronics,Accessories,COD,1
B-25956,89,-37,4,356,208,Clothing,Shirt,COD,1
B-25956,59,10,2,118,138,Clothing,Hankerchief,COD,1
B-25956,140,28,2,280,336,Electronics,Phones,COD,1
B-25956,474,56,4,1896,2120,Electronics,Phones,Debit Card,1
B-25956,33,10,3,99,129,Clothing,Hankerchief,COD,1
B-25957,147,73,3,441,660,Clothing,Stole,COD,1
B-25957,1157,-13,9,10413,10296,Furniture,Bookcases,Credit Card,1
B-25957,209,2,1,209,211,Clothing,Saree,COD,1
B-25958,105,25,2,210,260,Clothing,Hankerchief,EMI,1
B-25958,360,32,3,1080,1176,Clothing,Saree,UPI,1
B-25959,681,259,4,2724,3760,Furniture,Chairs,COD,1
B-25959,23,8,2,46,62,Clothing,Hankerchief,Debit Card,1
B-25959,32,2,2,64,68,Clothing,Kurti,UPI,1
B-25959,132,49,3,396,543,Clothing,Shirt,COD,1
B-25959,252,56,2,504,616,Electronics,Phones,UPI,1
B-25959,82,24,6,492,636,Clothing,Hankerchief,EMI,1
B-25959,429,17,3,1287,1338,Furniture,Chairs,UPI,1
B-25959,637,212,8,5096,6792,Electronics,Phones,Debit Card,1
B-25960,171,-140,2,342,62,Furniture,Bookcases,EMI,1
B-25961,446,53,3,1338,1497,Electronics,Printers,COD,1
B-25961,366,84,3,1098,1350,Furniture,Bookcases,COD,1
B-25961,48,16,3,144,192,Clothing,Shirt,COD,1
B-25961,34,-10,3,102,72,Clothing,Skirt,COD,1
B-25961,34,-12,5,170,110,Clothing,Leggings,COD,1
B-25961,26,3,3,78,87,Clothing,Skirt,UPI,1
B-25962,544,-152,3,1632,1176,Furniture,Bookcases,COD,1
B-25962,312,62,1,312,374,Electronics,Electronic Games,COD,1
B-25962,260,68,2,520,656,Electronics,Printers,COD,1
B-25963,53,8,3,159,183,Furniture,Furnishings,UPI,1
B-25964,346,108,3,1038,1362,Furniture,Chairs,COD,1
B-25964,199,0,4,796,796,Clothing,Stole,EMI,1
B-25964,89,6,5,445,475,Clothing,Saree,COD,1
B-25964,1270,546,11,13970,19976,Electronics,Electronic Games,EMI,1
B-25965,17,7,3,51,72,Clothing,Hankerchief,Debit Card,1
B-25966,510,234,6,3060,4464,Electronics,Electronic Games,EMI,1
B-25967,17,2,2,34,38,Clothing,Skirt,Debit Card,1
B-25967,119,-24,4,476,380,Furniture,Furnishings,COD,1
B-25967,229,59,9,2061,2592,Clothing,Saree,Debit Card,1
B-25968,811,154,7,5677,6755,Electronics,Accessories,UPI,1
B-25969,171,17,6,1026,1128,Clothing,T-shirt,UPI,1
B-25969,720,43,2,1440,1526,Electronics,Printers,UPI,1
B-25969,2452,191,7,17164,18501,Furniture,Bookcases,UPI,1
B-25970,742,198,2,1484,1880,Furniture,Bookcases,COD,1
B-25970,365,107,3,1095,1416,Electronics,Phones,COD,1
B-25970,111,9,4,444,480,Clothing,Stole,COD,1
B-25970,203,84,2,406,574,Electronics,Printers,UPI,1
B-25971,244,83,2,488,654,Furniture,Bookcases,COD,1
B-25972,115,47,2,230,324,Electronics,Accessories,COD,1
B-25973,398,111,8,3184,4072,Clothing,Hankerchief,COD,1
B-25973,79,39,2,158,236,Clothing,Shirt,Debit Card,1
B-25973,39,14,5,195,265,Clothing,Leggings,COD,1
B-25973,571,108,12,6852,8148,Clothing,Stole,Debit Card,1
B-25973,4141,1698,13,53833,75907,Electronics,Printers,COD,1
B-25974,662,240,2,1324,1804,Furniture,Bookcases,COD,1
B-25975,29,2,3,87,93,Clothing,Skirt,COD,1
B-25976,193,8,4,772,804,Clothing,T-shirt,UPI,1
B-25977,27,1,1,27,28,Clothing,Stole,UPI,1
B-25977,74,29,3,222,309,Clothing,Stole,COD,1
B-25977,180,54,4,720,936,Clothing,T-shirt,Credit Card,1
B-25978,341,160,7,2387,3507,Clothing,Stole,Debit Card,1
B-25978,1063,-175,4,4252,3552,Electronics,Electronic Games,EMI,1
B-25979,284,45,2,568,658,Furniture,Bookcases,EMI,1
B-25979,82,-27,3,246,165,Clothing,Kurti,EMI,1
B-25979,57,27,2,114,168,Clothing,Shirt,UPI,1
B-25979,560,44,3,1680,1812,Clothing,Saree,Debit Card,1
B-25979,12,1,2,24,26,Clothing,Hankerchief,COD,1
B-25980,22,11,3,66,99,Clothing,Kurti,COD,1
B-25981,867,251,5,4335,5590,Electronics,Phones,COD,1
B-25981,54,12,3,162,198,Clothing,Saree,Debit Card,1
B-25981,62,8,2,124,140,Clothing,T-shirt,UPI,1
B-25981,48,2,3,144,150,Clothing,Stole,COD,1
B-25981,245,91,2,490,672,Furniture,Bookcases,UPI,1
B-25981,42,13,3,126,165,Clothing,Leggings,COD,1
B-25982,13,3,1,13,16,Clothing,Leggings,COD,1
B-25983,561,118,5,2805,3395,Furniture,Bookcases,Credit Card,1
B-25983,230,5,2,460,470,Clothing,Saree,UPI,1
B-25983,50,-4,6,300,276,Clothing,T-shirt,EMI,1
B-25983,32,-12,1,32,20,Furniture,Chairs,Credit Card,1
B-25984,304,97,6,1824,2406,Clothing,Stole,UPI,1
B-25985,32,8,5,160,200,Clothing,Hankerchief,UPI,1
B-25985,197,20,4,788,868,Clothing,Kurti,Credit Card,1
B-25985,108,26,4,432,536,Clothing,Shirt,UPI,1
B-25985,44,11,4,176,220,Clothing,Stole,COD,1
B-25986,749,-307,7,5243,3094,Furniture,Furnishings,COD,1
B-25986,71,4,5,355,375,Clothing,Leggings,Debit Card,1
B-25986,487,-23,3,1461,1392,Electronics,Printers,Debit Card,1
B-25986,918,22,9,8262,8460,Electronics,Electronic Games,COD,1
B-25987,299,0,6,1794,1794,Clothing,Stole,COD,1
B-25987,88,11,7,616,693,Clothing,Hankerchief,UPI,1
B-25989,42,15,1,42,57,Electronics,Accessories,UPI,1
B-25989,330,81,1,330,411,Furniture,Bookcases,Credit Card,1
B-25989,338,41,7,2366,2653,Clothing,Hankerchief,UPI,1
B-25989,44,14,3,132,174,Clothing,Hankerchief,Credit Card,1
B-25989,10,5,1,10,15,Clothing,Stole,COD,1
B-25990,71,32,3,213,309,Clothing,Saree,Debit Card,1
B-25991,13,5,2,26,36,Clothing,Hankerchief,UPI,1
B-25991,188,13,7,1316,1407,Clothing,Shirt,COD,1
B-25991,90,30,2,180,240,Furniture,Chairs,UPI,1
B-25992,141,41,3,423,546,Clothing,Shirt,UPI,1
B-25993,610,208,3,1830,2454,Electronics,Printers,COD,1
B-25993,414,199,3,1242,1839,Electronics,Phones,COD,1
B-25993,44,8,2,88,104,Clothing,Stole,COD,1
B-25993,173,86,1,173,259,Electronics,Printers,Debit Card,1
B-25993,221,26,7,1547,1729,Furniture,Furnishings,COD,1
B-25993,201,32,4,804,932,Furniture,Furnishings,UPI,1
B-25993,4363,305,5,21815,23340,Furniture,Tables,EMI,1
B-25994,196,-7,5,980,945,Electronics,Phones,COD,1
B-25995,1314,342,3,3942,4968,Furniture,Bookcases,Credit Card,1
B-25996,31,2,2,62,66,Clothing,Hankerchief,COD,1
B-25996,333,50,2,666,766,Electronics,Phones,COD,1
B-25996,62,6,6,372,408,Clothing,Skirt,COD,1
B-25996,189,4,1,189,193,Clothing,Saree,UPI,1
B-25996,47,1,2,94,96,Clothing,Stole,COD,1
B-25996,286,140,6,1716,2556,Clothing,Shirt,Debit Card,1
B-25996,217,72,2,434,578,Furniture,Furnishings,COD,1
B-25997,231,99,2,462,660,Electronics,Electronic Games,Credit Card,1
B-25997,48,15,1,48,63,Clothing,Hankerchief,COD,1
B-25997,16,6,3,48,66,Clothing,Hankerchief,COD,1
B-25997,2292,127,7,16044,16933,Furniture,Bookcases,COD,1
B-25998,50,-28,5,250,110,Furniture,Furnishings,COD,1
B-25999,223,62,7,1561,1995,Clothing,Shirt,COD,1
B-25999,215,-30,2,430,370,Clothing,Saree,COD,1
B-25999,93,-65,4,372,112,Clothing,Stole,UPI,1
B-25999,109,40,1,109,149,Furniture,Furnishings,COD,1
B-25999,152,-3,5,760,745,Clothing,Saree,COD,1
B-25999,26,-17,1,26,9,Clothing,Stole,COD,1
B-25999,51,-49,2,102,4,Electronics,Electronic Games,COD,1
B-25999,129,11,2,258,280,Electronics,Phones,UPI,1
B-25999,222,74,5,1110,1480,Clothing,Hankerchief,COD,1
B-25999,352,74,8,2816,3408,Clothing,Stole,Debit Card,1
B-25999,770,323,3,2310,3279,Electronics,Accessories,COD,1
B-26000,676,151,3,2028,2481,Electronics,Printers,Credit Card,1
B-26000,43,-10,4,172,132,Clothing,Skirt,COD,1
B-26000,597,93,4,2388,2760,Furniture,Chairs,Debit Card,1
B-26001,8,2,2,16,20,Clothing,Skirt,UPI,1
B-26001,50,-10,6,300,240,Clothing,Skirt,Debit Card,1
B-26001,149,17,4,596,664,Furniture,Furnishings,COD,1
B-26001,13,0,2,26,26,Clothing,Hankerchief,COD,1
B-26002,276,52,5,1380,1640,Clothing,Saree,EMI,1
B-26002,71,19,3,213,270,Clothing,T-shirt,COD,1
B-26002,80,22,3,240,306,Clothing,Stole,Debit Card,1
B-26002,141,7,7,987,1036,Clothing,Saree,COD,1
B-26002,113,28,2,226,282,Clothing,Saree,UPI,1
B-26003,1745,122,2,3490,3734,Furniture,Tables,Credit Card,1
B-26003,498,-116,4,1992,1528,Clothing,Saree,UPI,1
B-26003,315,-8,3,945,921,Furniture,Chairs,Credit Card,1
B-26003,79,16,3,237,285,Clothing,T-shirt,COD,1
B-26003,128,47,4,512,700,Clothing,Hankerchief,COD,1
B-26003,114,41,6,684,930,Furniture,Furnishings,COD,1
B-26003,652,13,6,3912,3990,Furniture,Furnishings,Debit Card,1
B-26003,17,2,2,34,38,Clothing,Skirt,UPI,1
B-26004,162,73,2,324,470,Electronics,Electronic Games,COD,1
B-26004,147,44,3,441,573,Clothing,Saree,COD,1
B-26005,87,10,3,261,291,Clothing,Stole,COD,1
B-26006,1301,573,5,6505,9370,Electronics,Accessories,Credit Card,1
B-26007,311,72,2,622,766,Furniture,Bookcases,COD,1
B-26008,206,51,4,824,1028,Clothing,Hankerchief,Credit Card,1
B-26008,199,-1,1,199,198,Clothing,Saree,Credit Card,1
B-26008,57,24,5,285,405,Clothing,Leggings,COD,1
B-26008,22,4,1,22,26,Clothing,Stole,COD,1
B-26009,285,128,2,570,826,Electronics,Printers,COD,1
B-26009,195,12,9,1755,1863,Clothing,Shirt,Credit Card,1
B-26010,55,3,3,165,174,Clothing,T-shirt,COD,1
B-26010,176,-13,5,880,815,Furniture,Furnishings,COD,1
B-26010,85,13,2,170,196,Clothing,Shirt,UPI,1
B-26010,527,26,3,1581,1659,Electronics,Electronic Games,COD,1
B-26010,29,3,2,58,64,Clothing,Stole,COD,1
B-26010,18,2,3,54,60,Clothing,Hankerchief,COD,1
B-26011,93,44,2,186,274,Clothing,Stole,Credit Card,1
B-26012,199,8,2,398,414,Clothing,Saree,COD,1
B-26013,29,-10,3,87,57,Clothing,Skirt,COD,1
B-26014,406,97,7,2842,3521,Furniture,Chairs,Credit Card,1
B-26014,278,39,5,1390,1585,Furniture,Chairs,Debit Card,1
B-26015,128,55,1,128,183,Clothing,Saree,COD,1
B-26016,202,4,4,808,824,Clothing,Hankerchief,COD,1
B-26016,429,61,3,1287,1470,Electronics,Electronic Games,Credit Card,1
B-26016,134,-13,3,402,363,Electronics,Electronic Games,UPI,1
B-26016,74,9,3,222,249,Clothing,Shirt,UPI,1
B-26017,78,7,1,78,85,Furniture,Chairs,COD,1
B-26018,61,8,4,244,276,Clothing,Hankerchief,Debit Card,1
B-26018,326,107,3,978,1299,Furniture,Furnishings,UPI,1
B-26019,585,175,13,7605,9880,Clothing,T-shirt,COD,1
B-26020,319,102,6,1914,2526,Electronics,Accessories,Credit Card,1
B-26021,21,-12,3,63,27,Clothing,Hankerchief,Debit Card,1
B-26021,49,21,1,49,70,Clothing,Stole,UPI,1
B-26021,122,59,7,854,1267,Furniture,Furnishings,COD,1
B-26022,1824,1303,8,14592,25016,Electronics,Phones,Credit Card,1
B-26023,66,22,3,198,264,Clothing,Stole,UPI,1
B-26023,59,21,2,118,160,Clothing,Stole,Debit Card,1
B-26023,29,0,3,87,87,Furniture,Furnishings,COD,1
B-26023,1117,447,10,11170,15640,Furniture,Bookcases,EMI,1
B-26024,168,18,6,1008,1116,Clothing,Stole,Debit Card,1
B-26025,41,19,5,205,300,Clothing,Hankerchief,Debit Card,1
B-26025,32,1,2,64,66,Clothing,Stole,COD,1
B-26025,155,5,3,465,480,Clothing,Stole,EMI,1
B-26026,255,76,9,2295,2979,Clothing,Hankerchief,COD,1
B-26026,25,2,3,75,81,Clothing,Kurti,Credit Card,1
B-26027,54,8,4,216,248,Clothing,T-shirt,COD,1
B-26028,1272,547,2,2544,3638,Electronics,Phones,COD,1
B-26028,115,0,1,115,115,Electronics,Accessories,Debit Card,1
B-26028,77,36,2,154,226,Clothing,Shirt,EMI,1
B-26029,21,10,1,21,31,Clothing,T-shirt,Debit Card,1
B-26030,291,93,2,582,768,Electronics,Printers,COD,1
B-26030,11,5,1,11,16,Clothing,Skirt,COD,1
B-26030,50,25,5,250,375,Clothing,Stole,COD,1
B-26030,89,36,3,267,375,Clothing,Shirt,UPI,1
B-26030,92,5,6,552,582,Clothing,Hankerchief,Credit Card,1
B-26030,221,35,4,884,1024,Electronics,Accessories,Debit Card,1
B-26031,67,9,4,268,304,Clothing,Leggings,Debit Card,1
B-26032,47,15,5,235,310,Clothing,Saree,Debit Card,1
B-26033,774,170,3,2322,2832,Electronics,Accessories,COD,1
B-26033,143,32,1,143,175,Furniture,Bookcases,COD,1
B-26033,111,35,5,555,730,Clothing,Shirt,COD,1
B-26034,425,183,5,2125,3040,Electronics,Accessories,UPI,1
B-26035,520,151,3,1560,2013,Electronics,Phones,Credit Card,1
B-26035,291,119,11,3201,4510,Clothing,Saree,COD,1
B-26035,369,15,3,1107,1152,Electronics,Electronic Games,Debit Card,1
B-26036,341,44,7,2387,2695,Furniture,Furnishings,UPI,1
B-26037,171,68,7,1197,1673,Clothing,Stole,EMI,1
B-26038,41,19,2,82,120,Clothing,T-shirt,Debit Card,1
B-26038,52,14,2,104,132,Clothing,Stole,COD,1
B-26038,130,61,3,390,573,Clothing,Shirt,Debit Card,1
B-26038,30,6,1,30,36,Clothing,T-shirt,COD,1
B-26039,83,34,5,415,585,Clothing,Shirt,Debit Card,1
B-26040,38,9,2,76,94,Clothing,Stole,COD,1
B-26040,113,24,4,452,548,Clothing,Hankerchief,Debit Card,1
B-26040,833,93,3,2499,2778,Clothing,Trousers,UPI,1
B-26041,176,-28,5,880,740,Furniture,Furnishings,COD,1
B-26042,36,15,3,108,153,Clothing,Stole,UPI,1
B-26043,79,5,6,474,504,Clothing,Hankerchief,Debit Card,1
B-26043,30,12,3,90,126,Clothing,Skirt,UPI,1
B-26043,185,48,4,740,932,Clothing,Stole,UPI,1
B-26043,122,50,7,854,1204,Clothing,Stole,UPI,1
B-26043,62,28,5,310,450,Clothing,Hankerchief,UPI,1
B-26044,28,-10,3,84,54,Clothing,Skirt,COD,1
B-26045,376,0,7,2632,2632,Clothing,Stole,Credit Card,1
B-26045,302,75,6,1812,2262,Furniture,Furnishings,Debit Card,1
B-26045,179,77,1,179,256,Clothing,Saree,UPI,1
B-26045,27,5,1,27,32,Clothing,Stole,UPI,1
B-26046,32,3,8,256,280,Clothing,Hankerchief,COD,1
B-26047,55,12,5,275,335,Clothing,Skirt,COD,1
B-26048,1461,202,5,7305,8315,Furniture,Tables,EMI,1
B-26048,401,13,6,2406,2484,Furniture,Chairs,Credit Card,1
B-26048,163,81,2,326,488,Electronics,Accessories,COD,1
B-26048,1104,209,4,4416,5252,Clothing,Trousers,UPI,1
B-26049,100,28,2,200,256,Clothing,Hankerchief,UPI,1
B-26050,32,6,3,96,114,Clothing,Shirt,UPI,1
B-26050,487,143,4,1948,2520,Electronics,Phones,EMI,1
B-26050,325,32,7,2275,2499,Clothing,T-shirt,COD,1
B-26050,79,32,3,237,333,Clothing,Saree,Debit Card,1
B-26050,166,27,2,332,386,Electronics,Accessories,EMI,1
B-26050,169,55,4,676,896,Clothing,Saree,Debit Card,1
B-26050,284,44,6,1704,1968,Clothing,Hankerchief,COD,1
B-26050,38,9,2,76,94,Clothing,Stole,COD,1
B-26050,382,92,2,764,948,Electronics,Printers,COD,1
B-26051,1337,147,7,9359,10388,Electronics,Printers,Credit Card,1
B-26051,490,88,2,980,1156,Electronics,Accessories,EMI,1
B-26051,382,119,2,764,1002,Clothing,Saree,Credit Card,1
B-26051,216,50,4,864,1064,Clothing,Stole,COD,1
B-26051,85,24,10,850,1090,Clothing,Hankerchief,Debit Card,1
B-26051,80,22,3,240,306,Clothing,Stole,UPI,1
B-26051,669,74,5,3345,3715,Furniture,Bookcases,COD,1
B-26051,184,85,6,1104,1614,Clothing,T-shirt,UPI,1
B-26051,600,-102,5,3000,2490,Electronics,Electronic Games,Debit Card,1
B-26051,676,195,5,3380,4355,Furniture,Bookcases,Debit Card,1
B-26052,774,170,3,2322,2832,Electronics,Accessories,COD,1
B-26052,78,-28,6,468,300,Clothing,Kurti,UPI,1
B-26052,145,0,3,435,435,Clothing,Saree,UPI,1
B-26052,101,16,4,404,468,Clothing,T-shirt,COD,1
B-26052,148,23,4,592,684,Clothing,Kurti,EMI,1
B-26052,25,7,2,50,64,Clothing,Stole,COD,1
B-26052,15,1,1,15,16,Clothing,Shirt,COD,1
B-26053,594,89,3,1782,2049,Furniture,Bookcases,COD,1
B-26053,85,2,6,510,522,Clothing,Stole,COD,1
B-26053,246,61,2,492,614,Furniture,Bookcases,COD,1
B-26053,27,6,3,81,99,Clothing,Skirt,COD,1
B-26053,162,55,3,486,651,Clothing,Stole,COD,1
B-26053,120,1,1,120,121,Furniture,Chairs,COD,1
B-26053,93,31,3,279,372,Electronics,Accessories,UPI,1
B-26053,425,208,7,2975,4431,Clothing,Saree,Debit Card,1
B-26053,17,1,2,34,36,Clothing,Skirt,Credit Card,1
B-26054,246,98,5,1230,1720,Clothing,Hankerchief,COD,1
B-26054,156,23,3,468,537,Clothing,Stole,COD,1
B-26054,88,19,2,176,214,Clothing,Shirt,Debit Card,1
B-26054,139,21,3,417,480,Electronics,Accessories,COD,1
B-26054,88,20,2,176,216,Clothing,Saree,COD,1
B-26054,138,11,5,690,745,Clothing,Stole,UPI,1
B-26054,139,36,3,417,525,Clothing,Stole,COD,1
B-26054,559,-174,2,1118,770,Electronics,Electronic Games,Debit Card,1
B-26055,5729,64,14,80206,81102,Furniture,Chairs,EMI,1
B-26055,671,114,9,6039,7065,Electronics,Phones,Credit Card,1
B-26055,443,11,1,443,454,Clothing,Saree,COD,1
B-26055,57,7,2,114,128,Clothing,Shirt,UPI,1
B-26055,227,48,5,1135,1375,Clothing,Stole,COD,1
B-26055,213,4,14,2982,3038,Clothing,Shirt,COD,1
B-26055,94,27,2,188,242,Clothing,T-shirt,COD,1
B-26055,1250,-12,2,2500,2476,Electronics,Printers,EMI,1
B-26055,1218,-420,8,9744,6384,Furniture,Bookcases,COD,1
B-26056,424,161,2,848,1170,Clothing,Saree,COD,1
B-26056,15,6,2,30,42,Clothing,Hankerchief,COD,1
B-26056,101,11,2,202,224,Clothing,Hankerchief,UPI,1
B-26056,47,20,7,329,469,Clothing,Hankerchief,UPI,1
B-26056,70,24,3,210,282,Clothing,Stole,UPI,1
B-26056,206,18,4,824,896,Clothing,Hankerchief,Debit Card,1
B-26056,213,-145,3,639,204,Furniture,Bookcases,Debit Card,1
B-26056,220,40,2,440,520,Electronics,Accessories,COD,1
B-26056,391,90,6,2346,2886,Electronics,Phones,Debit Card,1
B-26056,33,9,2,66,84,Clothing,Hankerchief,COD,1
B-26056,31,9,2,62,80,Clothing,Hankerchief,COD,1
B-26056,19,-18,4,76,4,Clothing,Kurti,COD,1
B-26057,659,-37,2,1318,1244,Furniture,Bookcases,Credit Card,1
B-26057,54,8,4,216,248,Clothing,T-shirt,Debit Card,1
B-26057,224,87,3,672,933,Clothing,Trousers,COD,1
B-26057,736,346,5,3680,5410,Electronics,Printers,COD,1
B-26058,212,97,7,1484,2163,Clothing,Hankerchief,COD,1
B-26059,20,6,1,20,26,Clothing,T-shirt,COD,1
B-26060,382,68,3,1146,1350,Clothing,Saree,COD,1
B-26061,965,-68,3,2895,2691,Electronics,Printers,COD,1
B-26061,27,8,2,54,70,Clothing,T-shirt,Debit Card,1
B-26061,206,12,1,206,218,Electronics,Printers,Credit Card,1
B-26061,109,52,2,218,322,Clothing,Stole,UPI,1
B-26061,508,203,2,1016,1422,Electronics,Accessories,Debit Card,1
B-26061,642,180,5,3210,4110,Clothing,Saree,COD,1
B-26062,44,-40,3,132,12,Clothing,Stole,COD,1
B-26062,50,-17,2,100,66,Clothing,Stole,COD,1
B-26062,13,-2,1,13,11,Clothing,Stole,COD,1
B-26063,241,-77,4,964,656,Electronics,Electronic Games,COD,1
B-26064,61,3,4,244,256,Clothing,Hankerchief,COD,1
B-26064,75,2,5,375,385,Clothing,Leggings,Debit Card,1
B-26064,122,38,6,732,960,Clothing,T-shirt,Credit Card,1
B-26064,179,0,2,358,358,Clothing,Saree,Debit Card,1
B-26065,146,19,5,730,825,Clothing,Stole,COD,1
B-26066,86,22,2,172,216,Clothing,Saree,Debit Card,1
B-26067,1137,-14,7,7959,7861,Electronics,Printers,EMI,1
B-26067,1120,199,6,6720,7914,Clothing,Saree,EMI,1
B-26067,53,2,4,212,220,Clothing,Hankerchief,COD,1
B-26067,618,27,4,2472,2580,Furniture,Bookcases,Credit Card,1
B-26067,67,2,4,268,276,Clothing,T-shirt,UPI,1
B-26068,193,33,5,965,1130,Electronics,Accessories,COD,1
B-26069,55,18,2,110,146,Clothing,Kurti,COD,1
B-26070,582,262,5,2910,4220,Furniture,Furnishings,COD,1
B-26070,75,29,1,75,104,Clothing,Trousers,UPI,1
B-26070,54,12,4,216,264,Clothing,Shirt,COD,1
B-26070,14,7,2,28,42,Clothing,Hankerchief,UPI,1
B-26071,21,4,3,63,75,Clothing,Hankerchief,Credit Card,1
B-26072,313,44,3,939,1071,Electronics,Electronic Games,COD,1
B-26073,37,17,3,111,162,Clothing,Hankerchief,Debit Card,1
B-26073,122,11,4,488,532,Clothing,Hankerchief,COD,1
B-26073,290,110,9,2610,3600,Clothing,Stole,UPI,1
B-26073,29,9,3,87,114,Clothing,Saree,UPI,1
B-26073,1514,742,4,6056,9024,Electronics,Printers,EMI,1
B-26074,57,21,4,228,312,Clothing,Leggings,COD,1
B-26075,34,12,2,68,92,Clothing,Stole,COD,1
B-26076,219,4,2,438,446,Clothing,Saree,COD,1
B-26076,91,22,2,182,226,Clothing,Stole,UPI,1
B-26076,133,46,5,665,895,Clothing,Shirt,EMI,1
B-26076,60,13,2,120,146,Clothing,T-shirt,COD,1
B-26076,450,-190,4,1800,1040,Furniture,Bookcases,COD,1
B-26077,62,11,7,434,511,Clothing,Hankerchief,UPI,1
B-26078,557,-111,2,1114,892,Electronics,Electronic Games,COD,1
B-26078,44,20,2,88,128,Clothing,T-shirt,UPI,1
B-26078,137,63,3,411,600,Clothing,Stole,COD,1
B-26078,17,8,2,34,50,Clothing,Skirt,COD,1
B-26079,18,3,2,36,42,Clothing,Hankerchief,Debit Card,1
B-26080,109,35,6,654,864,Clothing,T-shirt,COD,1
B-26081,24,11,3,72,105,Clothing,Hankerchief,Debit Card,1
B-26081,169,0,3,507,507,Electronics,Accessories,COD,1
B-26081,359,-338,5,1795,105,Furniture,Bookcases,COD,1
B-26081,93,-84,3,279,27,Clothing,Saree,UPI,1
B-26081,79,33,4,316,448,Clothing,Stole,UPI,1
B-26081,637,50,5,3185,3435,Clothing,Saree,COD,1
B-26082,95,5,2,190,200,Clothing,Stole,UPI,1
B-26083,43,8,3,129,153,Clothing,Leggings,COD,1
B-26083,45,17,1,45,62,Electronics,Accessories,COD,1
B-26083,143,6,2,286,298,Electronics,Accessories,UPI,1
B-26083,145,16,3,435,483,Clothing,T-shirt,Debit Card,1
B-26083,34,3,3,102,111,Clothing,Saree,COD,1
B-26084,209,-63,4,836,584,Electronics,Electronic Games,COD,1
B-26085,1487,624,3,4461,6333,Clothing,Trousers,Credit Card,1
B-26085,132,-10,3,396,366,Clothing,Saree,COD,1
B-26085,86,22,2,172,216,Clothing,Saree,COD,1
B-26085,40,17,2,80,114,Clothing,Stole,COD,1
B-26086,762,101,6,4572,5178,Electronics,Printers,COD,1
B-26086,25,2,2,50,54,Clothing,Hankerchief,Debit Card,1
B-26086,43,17,2,86,120,Clothing,T-shirt,UPI,1
B-26087,180,0,8,1440,1440,Clothing,Stole,COD,1
B-26087,311,40,1,311,351,Electronics,Electronic Games,EMI,1
B-26087,119,56,7,833,1225,Clothing,Saree,EMI,1
B-26087,46,13,3,138,177,Clothing,Hankerchief,COD,1
B-26087,40,10,2,80,100,Clothing,Stole,COD,1
B-26088,11,5,2,22,32,Clothing,Hankerchief,UPI,1
B-26089,27,4,1,27,31,Clothing,Hankerchief,COD,1
B-26089,59,24,6,354,498,Clothing,Kurti,Debit Card,1
B-26089,139,14,3,417,459,Clothing,Kurti,COD,1
B-26090,80,22,3,240,306,Clothing,Stole,EMI,1
B-26091,29,10,4,116,156,Clothing,Hankerchief,UPI,1
B-26091,158,69,3,474,681,Clothing,Stole,EMI,1
B-26091,59,10,4,236,276,Clothing,Leggings,COD,1
B-26092,97,14,2,194,222,Clothing,T-shirt,Credit Card,1
B-26093,2847,712,8,22776,28472,Electronics,Printers,Credit Card,1
B-26093,852,51,5,4260,4515,Furniture,Bookcases,Credit Card,1
B-26093,148,25,3,444,519,Clothing,Saree,Debit Card,1
B-26093,81,-41,5,405,200,Clothing,Leggings,EMI,1
B-26093,49,5,4,196,216,Clothing,Hankerchief,COD,1
B-26093,33,-1,1,33,32,Clothing,Saree,Credit Card,1
B-26093,492,187,2,984,1358,Electronics,Accessories,UPI,1
B-26094,152,50,6,912,1212,Clothing,Stole,COD,1
B-26095,6,1,1,6,7,Clothing,Kurti,UPI,1
B-26096,451,25,3,1353,1428,Electronics,Phones,EMI,1
B-26096,264,-26,3,792,714,Clothing,Trousers,COD,1
B-26096,45,9,3,135,162,Clothing,Leggings,UPI,1
B-26096,88,11,3,264,297,Electronics,Accessories,COD,1
B-26096,140,56,4,560,784,Clothing,Shirt,UPI,1
B-26096,103,46,2,206,298,Clothing,Saree,Credit Card,1
B-26097,663,-212,5,3315,2255,Electronics,Printers,UPI,1
B-26097,671,-309,5,3355,1810,Electronics,Electronic Games,COD,1
B-26097,185,-26,6,1110,954,Furniture,Chairs,COD,1
B-26097,97,12,2,194,218,Clothing,Hankerchief,UPI,1
B-26097,39,-18,2,78,42,Clothing,Leggings,Credit Card,1
B-26097,19,8,2,38,54,Clothing,Hankerchief,Credit Card,1
B-26097,14,5,1,14,19,Clothing,Hankerchief,UPI,1
B-26098,96,-48,5,480,240,Clothing,Leggings,UPI,1
B-26098,409,86,3,1227,1485,Clothing,Saree,COD,1
B-26098,46,14,5,230,300,Clothing,Skirt,COD,1
B-26098,59,15,2,118,148,Clothing,T-shirt,UPI,1
B-26098,82,8,3,246,270,Electronics,Accessories,EMI,1
B-26098,497,179,3,1491,2028,Furniture,Chairs,Debit Card,1
B-26099,207,37,4,828,976,Clothing,Hankerchief,COD,1
B-26099,835,267,5,4175,5510,Electronics,Phones,Debit Card,1
B-26099,2366,552,5,11830,14590,Clothing,Trousers,UPI,1
B-26099,9,3,1,9,12,Clothing,Skirt,COD,1
B-26100,828,230,2,1656,2116,Furniture,Chairs,COD,1
B-26100,34,10,2,68,88,Clothing,T-shirt,Debit Card,1
B-26100,72,16,2,144,176,Clothing,Shirt,COD,1
